Temperature (K),h Reference,h GRI,h Pure,h CP HEOS,h CP SRK,h CP PR,u Reference,u GRI,u Pure,u CP HEOS,u CP SRK,u CP PR,s Reference,s GRI,s Pure,s CP HEOS,s CP SRK,s CP PR,cp Reference,cp GRI,cp Pure,cp CP HEOS,cp CP SRK,cp CP PR,cv Reference,cv GRI,cv Pure,cv CP HEOS,cv CP SRK,cv CP PR,rho Reference,rho GRI,rho Pure,rho CP HEOS,rho CP SRK,rho CP PR
40.0,,0.0,,,0.0,0.0,,0.0,,,0.0,0.0,,0.0,,,0.0,0.0,,2.4247702116612664,,,4.022901858750317,-15.243561773411871,,1.906509124697903,,,2.9019191322188727,2.5194714038528314,,488.7739140984494,,,488.7739140984494,488.7739140984494
50.0,,23.996938573894113,,,42.651815095096765,136.05478881150384,,18.814327704259995,,,119.08152892745473,106.24038565615079,,0.5356812003528102,,,1.6268334669952706,1.2317745228482269,,2.375357563750027,,,-0.8113029157196103,1.2293664679621898,,1.8570964767866633,,,2.573423328415969,2.2801348327015183,,391.01913127875946,,,391.01913127875946,391.01913127875946
60.0,,47.52171785128121,,,160.44333898056806,252.2359114438996,,37.156496112012974,,,209.07958986775526,184.82984312998366,,0.9647134076093558,,,2.574290983488845,2.02552393121032,,2.3303149578354985,,,0.98340758131572,1.3235928384667996,,1.8120538708721348,,,2.3610701149615534,2.1292121230914764,,325.84927606563286,,,325.84927606563286,325.84927606563286
70.0,,70.61733987202388,,,263.36758672152763,346.1925781571703,,55.06950726312334,,,280.7734554604938,247.25084122504865,,1.3208148127822472,,,3.2558020390287092,2.612852549781538,,2.2895030634599385,,,1.1095387855753773,1.263422289562161,,1.7712419764965748,,,2.214134927532385,2.0258759702044222,,279.2993794848282,,,279.2993794848282,279.2993794848282
80.0,,93.32542373832075,,,351.286286982018,424.60717542506643,,72.59498025978519,,,340.1716113769149,299.2256350307692,,1.6240935855059648,,,3.784423415919468,3.077036318430503,,2.2527846235493847,,,1.06961689854225,1.1693162260295167,,1.7345235365860214,,,2.1073613327831353,1.9510777751260626,,244.3869570492247,,,244.3869570492247,244.3869570492247
90.0,,115.68622634855092,,,427.3154486153198,492.0134192949194,,89.77317200038215,,,390.9022117768326,343.9918895188001,,1.8875037860156851,,,4.213415352883469,3.4594072963705726,,2.2200244544136543,,,0.9772247875761579,1.0564809630868999,,1.701763367450291,,,2.0268443495041377,1.8947083632028723,,217.2328507104219,,,217.2328507104219,217.2328507104219
90.694,0.0,,,,,,0.0,,,,,,0.0,,,,,,3.3196,,,,,,2.192,,,,,,457.76,,,,,
100.0,30.99,137.73866313111284,0.0,0.0,494.1310252093424,551.3490082504331,30.412,106.64299791330996,0.0,0.0,435.2906617562373,383.543822438034,0.32526,2.1198761692507,0.0,0.0,4.5726844738395895,3.7836664843705194,3.343,2.1910894457463437,3.3156484833927014,3.342991383814512,0.8522161747772848,0.9230661475719057,2.1392,1.6728283587829804,2.1523918680475522,2.1392131641561436,1.9643389160206166,1.850902639330868,446.11,195.50956563937973,446.21579090131524,446.10604535239054,195.50956563937973,195.50956563937973
110.0,64.5922,159.52032877825513,33.37545122419397,33.6018644670769,553.752600216981,604.5788768776162,63.339,123.24205269081904,32.706265763918964,32.92724744761523,474.89815569995625,419.1873397799915,0.6455,2.327496727798362,0.3180641625887315,0.32023289423991297,4.88071454423007,4.064660686118744,3.3788,2.1658485606248314,3.3648286640540874,3.3787645135422646,0.6932904268576504,0.7605996195691439,2.091,1.647587473661468,2.101661191291812,2.0910211937475243,1.9146715765250584,1.8160295511258642,433.24,177.73596876307246,433.4423997763183,433.23820864375955,177.73596876307246,177.73596876307246
120.0,98.593,181.06751797992274,67.33985020655564,67.60278400709606,607.6810254027641,653.0670441192874,96.598,139.60663102285253,65.92977916473683,66.18610717973536,510.8126586935482,451.8183670177467,0.94132,2.5149954669536108,0.6135527963909038,0.6160517561912665,5.1496862685823785,4.312283739567509,3.4229,2.1441728355102723,3.4285125284576288,3.4229390445376016,0.48860666323994917,0.5539684623581411,2.047,1.625911748546909,2.063701091205907,2.047049136173212,1.8744547467854857,1.7877337082783529,419.91,162.92463803281643,420.127228712315,419.91495218350656,162.92463803281643,162.92463803281643
130.0,133.087,202.41524615759045,101.9470666848747,102.09687610440125,657.0405653928718,697.7924187720511,130.266,155.7717483308861,99.71125073559506,99.8542544506437,543.8161302534188,482.07468366336514,1.21739,2.6858782032436137,0.8905238931763675,0.892122449213386,5.38801752297449,4.53344383813228,3.4781,2.1259353802476038,3.4930897979197244,3.4780530182899687,0.2142282547681576,0.2767016323163779,2.0065,1.6076742932842403,2.026058408249904,2.006494754077202,1.841403715761855,1.764441532536455,406.02,150.39197356875366,406.2190456806587,406.0173351357253,150.39197356875366,150.39197356875366
140.0,168.206,223.5972701981018,137.21544727276614,137.21650679671268,702.6853050700871,739.4779739440704,164.454,171.77116150176425,134.04856253945673,134.04145599405754,574.4855993220017,510.4243695182412,1.47762,2.8428607203412124,1.1518592630886468,1.1523545021287904,5.601747989378771,4.73314647996671,3.549,2.1110113780655424,3.5619950640941185,3.5490363411343733,-0.1762468762070777,-0.12165625843239758,1.9696,1.5927502911021791,1.9885938548245008,1.969615859380477,1.8139530716118208,1.7450903642140285,391.39,139.6496897424141,391.6016523286946,391.39362555046534,139.6496897424141,139.6496897424141
150.0,204.146,244.6461091875035,173.23403567276637,173.15411578588183,745.2742235114309,778.6711471845108,199.321,187.63738962153366,168.99993611536684,168.9077774451387,603.2568936712323,537.220123340944,1.72552,2.9880873605857987,1.4003289729133543,1.4002611762581176,5.7953468250786955,4.915130988946784,3.6431,2.0992780855765845,3.6451677107640035,3.643088102546913,-0.7821604074095897,-0.7512443979438264,1.937,1.5810169986132212,1.9539103483356977,1.9369520534903766,1.7910290410201393,1.7289700714135117,375.84,130.33971042625316,376.08953705513943,375.8408752460898,130.33971042625316,130.33971042625316
160.0,241.176,265.5930651448898,210.21486910861313,210.19051840008768,785.3237792339318,815.7957716866113,235.101,203.40173470928403,204.73027158327204,204.68548466585523,630.4662798187229,562.7340968666869,1.96454,3.1232789249510358,1.6389590040472841,1.6392443655663353,5.972208873036382,5.082264245409821,3.771,2.090614832777006,3.75739345611445,3.7710249916056138,-1.8594001771981026,-1.9086598482272117,1.9092,1.5723537458136425,1.9246106399906902,1.9092127314607203,1.7719054685200595,1.715622893584048,359.08,122.19347852461235,359.4076605086732,359.07621782359814,122.19347852461235,122.19347852461235
170.0,279.736,286.46824375623055,248.5513931753294,248.74446707384303,823.2450260959986,851.1867230846631,272.131,219.09430245099247,241.55754894447273,241.71638383378158,656.378489094979,587.1810309388931,2.19814,3.2498356563115767,1.8713228710144278,1.8729214970049877,6.134972284750776,5.236794321630603,3.9503,2.0849030230468624,3.9209223069392816,3.950324212057425,-4.328015603042125,-4.764305648103557,1.8874,1.5666419360834989,1.902729680914948,1.8873773078208205,1.7561059251155078,1.7047740903424056,340.69,115.00562684669396,341.144762207036,340.6879499137463,115.00562684669396,115.00562684669396
180.0,320.456,307.30057510822644,288.9240046704863,289.4669336485408,859.3701151713295,885.1136663817356,310.931,234.74402293335424,280.0326600119197,280.52074760970925,681.2060376462834,610.7340508074592,2.43084,3.368910742110499,2.102018146897766,2.1056138733128344,6.285728652207161,5.380519276661144,4.2114,2.08202613314999,4.172589532995359,4.2114174245754095,-15.906668087284073,-23.599934260482673,1.8729,1.5637650461866264,1.889904470030998,1.8729163773970616,1.7433325063955964,1.6962797711130781,320.05,108.61642535521095,320.6592088553833,320.04717322716465,108.61642535521095,108.61642535521095
190.0,364.416,328.11783442212436,332.51131372957025,333.427204294189,893.9714365923837,917.7976862381431,352.341,250.37867137761896,321.0906813432157,321.9257193055452,705.1227926519616,633.5356723485363,2.66844,3.4814639174831346,2.337584313329147,2.343198143528631,6.426165825669034,5.514902495186112,4.6104,2.081869713234005,4.578406678414061,4.610365206101247,23.002391418424597,16.15478578411296,1.8682,1.5636086262706412,1.8879333028548024,1.8681771410005978,1.7334114677165349,1.6900855059409599,296.14,102.89977138914722,296.8947535465856,296.1446885940496,102.89977138914722,102.89977138914722
200.0,413.456,348.94666278757177,381.37422525710645,382.4623262556576,927.275584352026,949.4231275982421,397.681,266.02488887343316,366.28539459896274,367.27350315103206,728.273627083783,655.7055797311314,2.91984,3.5883013030402893,2.5880718151961775,2.5945764702851153,6.557667191523817,5.641153244784687,5.2469,2.0843213868303025,5.248778749430174,5.246879925487314,8.56510011869257,7.517760345731262,1.8763,1.5660602998669388,1.8995692983243602,1.8762802948961432,1.7262508019064013,1.6861929292042195,267.33,97.75478281968986,268.08070585766853,267.3339487100905,97.75478281968986,97.75478281968986
210.0,470.396,369.8125878964447,438.5117191724512,439.40888419175957,959.473628667254,980.1461309778572,448.761,281.7082031126729,417.5426450135383,418.34975957453827,750.7813543151944,677.3461695171562,3.19754,3.690105512828831,2.866655895119705,2.8722342355934605,6.681382040984437,5.760284014595874,6.1705,2.089270850854057,6.196928296071158,6.170487543315069,5.875852084285074,5.420409268303886,1.8949,1.5710097638906932,1.9260516133648278,1.8948957326916773,1.7218072557939035,1.6846331499062903,231.48,93.0997931616094,231.98869613299541,231.48183068760173,93.0997931616094,93.0997931616094
220.0,535.396,390.7400447766986,503.655084307773,504.40534506521664,990.7287240441391,1010.1008421974163,504.311,297.45304912329175,473.2609277125666,473.9014195308689,772.7517390342637,698.5465208129305,3.49974,3.787458751798356,3.169620011127188,3.1745109432811796,6.7982763355138704,5.873152038000258,6.6296,2.096609875604225,6.639033079893913,6.629639962766972,4.746257760432753,4.47889699878926,1.9009,1.5783487886408616,1.9445857152148527,1.9008781285190859,1.720061303195841,1.685446329251123,190.4,88.86798438153623,190.8128138673291,190.39920172677697,88.86798438153623,88.86798438153623
230.0,598.596,411.7523965261853,567.2329142542139,567.6096340773213,1021.1817782297086,1039.403963283189,555.381,313.28279000314524,524.7198569569964,524.9710091303084,794.2771327626658,719.3852438733622,3.78084,3.8808607747509,3.4523534550497565,3.4555940637788085,6.909169950347085,5.980489867999087,5.8712,2.1062323047635396,5.936002358194943,5.87119958655588,4.1283294368113665,3.9477502669525815,1.8794,1.5879712178001761,1.9166681933760212,1.879362633723167,1.7209989471036726,1.6886668492268746,155.05,85.00415897364336,155.3571649704306,155.0453802732564,85.00415897364336,85.00415897364336
240.0,652.216,432.8719550465121,621.453832076877,621.2266302533113,1050.9557017848747,1068.1581097700534,596.871,329.21973765383973,566.7120832871624,566.4555275015392,815.4391204574695,739.9325258847879,4.00924,3.970743020339393,3.683268282427478,3.683935105358469,7.014764456938709,6.082928275110107,4.8899,2.118034055398518,4.93376189265727,4.88986765491927,3.742062213143149,3.609959290023741,1.848,1.5997729684351543,1.8680199007439318,1.8480153913788313,1.724599307203092,1.6943133954276683,130.77,81.46231901640822,130.82740057431937,130.76840621370482,81.46231901640822,81.46231901640822
250.0,697.426,454.12000177686787,666.8966235992029,666.4378122617521,1080.158615386066,1096.4543052621968,630.991,345.2851735145605,601.0112399759628,600.5801724962366,836.3104552706606,760.2516026975837,4.19384,4.057479857883999,3.8688755665086445,3.8685915437883875,7.115664201747359,6.181013698375857,4.2018,2.131913117959453,4.207482516520893,4.201804029586416,3.480872798243782,3.3791925030974257,1.8216,1.6136520309960896,1.8307510837799257,1.8215583339664967,1.7308269619025312,1.7023831722315481,114.4,78.20382625575189,114.37132986846203,114.39994198186791,78.20382625575189,78.20382625575189
260.0,737.066,475.51680842785936,706.4894904483754,706.0714560203103,1108.8862907551752,1124.3738515643247,660.541,361.49936929591877,630.5269554282422,630.125147199566,856.9564821685536,780.3998224388982,4.34934,4.1413976270394866,4.0242205642770275,4.0240944155914855,7.212392577880585,6.275221788525483,3.7566,2.1477695562804207,3.746101619243148,3.7566204305211546,3.295323952041014,3.2142874956696645,1.8042,1.6295084693170572,1.8102320277277606,1.8042341456141615,1.7396280435725786,1.7128494206234492,102.7,75.19598678437683,102.69062291945109,102.7016975955003,75.19598678437683,75.19598678437683
270.0,773.056,497.08165771536005,742.3634842446436,742.0665620988191,1137.2240279759876,1151.9897472513946,687.221,377.88160771378625,657.1409547272733,656.8107798310857,877.436196411144,800.4294217310642,4.48524,4.222781970517053,4.15964527953123,4.159976043470327,7.305404807014362,6.365968113987693,3.4617,2.165505507579274,3.4495856260508413,3.4616570919129894,3.159328527124925,3.093104441893029,1.7956,1.6472444206159107,1.8032974695697417,1.7956276156710431,1.750929156508655,1.7256614282325138,93.846,72.41095023680731,93.88016003559808,93.84638922929935,72.41095023680731,72.41095023680731
280.0,806.596,518.8328640943337,775.8086125874806,775.6104283522873,1165.2481183784892,1179.3677803446517,712.051,394.45020322312575,681.9364733276789,681.641285350556,897.8030429968636,820.3881020737945,4.60724,4.301883832609608,4.281299029185225,4.281989442386733,7.395098154120386,6.453616779374923,3.2592,2.185025182457648,3.2522210230285458,3.2592456374868806,3.05779389124475,3.00265055313764,1.7943,1.6667640954942846,1.806327210414184,1.7943126205729747,1.7646382948202262,1.7407462939631482,86.838,69.82484487120705,86.91474227735884,86.83832473397365,69.82484487120705,69.82484487120705
290.0,838.436,540.7877944926859,807.6128074128392,807.4486871962773,1193.0270025893215,1206.5673862831477,735.641,411.2225227518438,705.5566121893817,705.2292313729706,918.1055337749859,840.3194693549777,4.71904,4.378924404630926,4.392918015054716,4.3937287232000894,7.481820225676179,6.538487484205494,3.1164,2.2062348649009578,3.116823945002061,3.116431753568299,2.9813570448837954,2.934774312682129,1.7989,1.687973777937594,1.8166063802348167,1.7989384644515707,1.7806470672265804,1.7580118154116489,81.104,67.41709159978612,81.21344822586781,81.1036888369645,67.41709159978612,67.41709159978612
300.0,869.066,562.9628890450895,838.279783044035,838.0725467798411,1220.6222039833397,1233.6423370306213,758.381,428.21500643461513,728.4050277068027,727.970243123737,938.3877371735342,860.2633811718025,4.82284,4.454099231616405,4.496892875585464,4.4975581640378355,7.565875813639523,6.620861395640625,3.0139,2.2290429122783952,3.02209832056453,3.0139007468497248,2.9238788761023,2.8840809096305575,1.8084,1.710781825315032,1.8322510728119892,1.8084282733610788,1.7988336720168028,1.7773499868448654,76.29,65.16985521312658,76.42418287796426,76.29003398422601,65.16985521312658,65.16985521312658
310.0,898.816,585.3736818268353,868.1474429257678,867.8210406395343,1248.0890959839364,1260.641308498369,780.541,445.44318834672595,750.749058820481,750.1335364646599,958.6896794224907,880.2562331041272,4.92034,4.52758164539847,4.594834376144388,4.595109578071916,7.647532616336728,6.700986101887013,2.9398,2.253359755342934,2.9553180144097317,2.939807046567856,2.8811472055351457,2.8468389640444864,1.822,1.7350986683795706,1.8519640643713609,1.8219543709630452,1.8190661958928742,1.7986407142005525,72.168,63.06760181915475,72.32023922464421,72.1684366559687,63.06760181915475,63.06760181915475
320.0,927.926,608.034821587652,897.4524895937848,896.937856502747,1275.4775455399438,1287.6083597726724,802.321,462.92171723790943,772.7742134701193,771.9106315936243,979.047684357564,900.3312051452189,5.01284,4.599525652450019,4.687878009130329,4.687556146789295,7.727026075851045,6.779079838322191,2.8865,2.2790978982313304,2.908522968320333,2.88654492445765,2.8501597099422007,2.820369722069712,1.8389,1.7608368112679669,1.8748383094508814,1.838877453865806,1.8412059270490706,1.8217554617928051,68.583,61.09673926230617,68.74809615530152,68.58312046458833,61.09673926230617,61.09673926230617
330.0,956.596,630.9600924855667,926.3670453563882,925.6042366303907,1302.832463243493,1314.5833476545336,823.851,480.66437726619006,794.6143933784988,793.4429083365837,999.4946703185132,920.5184823005003,5.10104,4.670068377215699,4.7768554146756435,4.775770310550209,7.804563507388168,6.855335126431972,2.849,2.3061719184641145,2.8765175989233454,2.8490223473676566,2.8287057345405486,2.802687832468892,1.8587,1.7879108315007508,1.9002232403900243,1.8586937724288044,1.8651104715453337,1.8465606380371489,65.424,59.24532292102416,65.59939101384042,65.42392412812053,59.24532292102416,59.24532292102416
340.0,984.946,654.1624348207206,955.0203023911008,953.9588675677394,1330.194281885865,1341.6022928133495,845.251,498.6841087317107,816.3694858515937,814.8379656939594,1020.0604165106197,940.8454582482473,5.18564,4.739332140590719,4.8623954150107815,4.860419163962713,7.880327651068372,6.929921929406886,2.8237,2.334498466945603,2.855777503737732,2.8237014516300203,2.815111400533538,2.79228087691977,1.881,1.8162373799822396,1.9276377164537828,1.880996655206637,1.8906365416853717,1.8729206027310794,62.61,57.50281342334698,62.79497998266803,62.61040965659565,57.50281342334698,57.50281342334698
350.0,1013.096,677.6539657692247,983.5118442988087,982.1104009153435,1357.5993789723334,1368.6977087169003,866.591,516.9930288105825,838.1160595317433,836.1797686566516,1040.7718068662757,961.3369273992668,5.26724,4.807426237033935,4.944986212198704,4.942024619929647,7.954479744832273,7.002990402905121,2.808,2.3639962679638864,2.843827445920184,2.8080427811063013,2.8080783266406724,2.7879690659661467,1.9055,1.8457351810005231,1.9567139432897078,1.905450001987979,1.9176423465841361,1.9007002366336956,60.082,55.85987589696564,60.275399054244765,60.0822413878048,55.85987589696564,55.85987589696564
360.0,1041.136,701.4460001169855,1011.9201446442903,1010.1456289144402,1385.0804542194978,1395.8989008894944,887.951,535.6024522887074,859.9141234953104,857.5351917211544,1061.6530564546429,982.0152682913756,5.34624,4.874448461276382,5.025015211974851,5.02100283528109,8.027162194598962,7.074673301683691,2.8002,2.394586119190839,2.8388736651958255,2.8001707184405507,2.806578231375834,2.788813096948052,1.9318,1.8763250322274754,1.987161322522222,1.9317703081170148,1.9459895604302848,1.9297670569798246,57.793,54.308212677605475,57.99489809869341,57.793116900400456,54.308212677605475,54.308212677605475
370.0,1069.156,725.5490709935466,1040.3081682748616,1038.1350009691353,1412.6668698729493,1423.2322415590643,909.371,554.5229122956362,881.811548327435,878.9583881159931,1082.7259234792366,1002.9006196956196,5.42294,4.94048642580694,5.102795439655149,5.097690936921921,8.098500901660328,7.145088090178705,2.7987,2.426190891682112,2.8395789172026347,2.7986648872960007,2.809782060944736,2.794051928008769,1.9597,1.9079298047187487,2.018743037498404,1.959714441608994,1.975544875666945,1.9599928924590593,55.707,52.84042314577831,55.91756476837385,55.706800288977426,52.84042314577831,52.84042314577831
380.0,1097.156,749.9729506059302,1068.727174318702,1066.1364574484082,1440.3849594556577,1450.7214230725365,930.901,573.7641810383866,903.8470495836946,900.4937999408675,1104.0099086004684,1024.011049853997,5.49764,5.005618702626331,5.178583629940307,5.1723656894291485,8.16860729557418,7.21433879605031,2.8024,2.4587355298771403,2.8449205509324216,2.8024259202962707,2.817011093428335,2.8030596793119464,1.9891,1.940474442913777,2.051260788702486,1.9890712188311654,2.00618116907389,1.9912551505711216,53.794,51.44988569457361,54.01472172612107,53.79444860999819,51.44988569457361,51.44988569457361
390.0,1125.156,774.7266709724709,1097.219369878686,1094.1981659550381,1468.2583090217663,1478.387692354051,952.591,593.3352905352922,926.0522598673824,922.1782915500912,1125.522442514703,1045.3627187306968,5.57054,5.069915816667686,5.252592977252122,5.245256882908352,8.237580112172262,7.282517639074188,2.8106,2.4921470515991357,2.854098481267124,2.8105865806099533,2.8277024020211443,2.8153150785199434,2.0197,1.9738859646357725,2.0845447640847383,2.0196554735256913,2.0377783210147897,2.023437721498311,52.033,50.13065785625121,52.263128036980966,52.03276097041941,50.13065785625121,50.13065785625121
400.0,1153.356,799.8185446566513,1125.8198096627066,1122.3605218916814,1496.308013947505,1506.2500679792051,974.451,613.2445533498394,948.4532071804388,944.0427009820324,1147.2790622583082,1066.970032904423,5.64184,5.133441113424523,5.325002360110289,5.316557160797527,8.305506949791397,7.349706462790229,2.8225,2.5263545480550893,2.866474011642265,2.8224513666545743,2.8413839220650168,2.8303793229373815,2.0513,2.008093461091726,2.1184469846037324,2.0513037657740214,2.0702237340882754,2.0564315678035348,50.403,48.87739140984493,50.643704710697364,50.40266662794579,48.87739140984493,48.87739140984493
410.0,1181.656,825.2561855009453,1154.5577888832277,1150.6576434106735,1524.5529135935587,1534.325541012946,996.521,633.4995833245002,971.0713968156342,966.1129949178099,1169.2935764707308,1088.8457926585386,5.71174,5.1962515194294046,5.39596317366992,5.386429384127685,8.37246563182158,7.415977992486702,2.8375,2.5612891838357736,2.8815282252164676,2.837454484614375,2.8576560793203236,2.8478797077516917,2.0839,2.04302809687241,2.1528368328656002,2.0838711776121506,2.1034125989055252,2.090135050121994,48.888,47.68525991204384,49.140611540157295,48.88837559890526,47.68525991204384,47.68525991204384
420.0,1210.156,851.046529360653,1183.4578879985347,1179.1185108160964,1553.0098057138991,1562.6292605166805,1018.821,654.1073163145757,993.9246223938053,988.4111469557854,1191.578219762803,1111.0013308669068,5.78024,5.25839821108015,5.4656044989562576,5.455012250615411,8.438525399704606,7.4813969400532,2.8551,2.596884196915743,2.898833073051752,2.8551299538466344,2.876177989870774,2.867497281917109,2.1172,2.078623109952379,2.18759799694593,2.1172288375138044,2.1372479531651254,2.1244540369765823,47.477,46.5498965808047,47.74056527734384,47.476678783254336,46.5498965808047,46.5498965808047
430.0,1238.756,877.1958548377443,1212.5407731997939,1207.767850584105,1581.6936421871944,1591.1747045056322,1041.371,675.0740309220309,1017.0275878196553,1010.9558184180138,1214.1437963371309,1133.4466433762639,5.84764,5.319927204757542,5.53403708847662,5.522424651012925,8.503747957309537,7.546020973741923,2.8751,2.6330748986533257,2.9180308733425817,2.8750899049981964,2.8966569049374105,2.8889573696082755,2.1513,2.1148138116899626,2.222626331713071,2.1512619423470873,2.171640576733853,2.159301843004105,46.156,45.46734084636738,46.43232729566224,46.156423425682775,45.46734084636738,45.46734084636738
440.0,1267.656,903.7098040146775,1241.8238220884386,1236.6268322941582,1610.6177074533366,1619.973837084378,1064.171,696.405369229331,1040.3923944744292,1033.7628952320624,1236.9998130565582,1156.1905107165733,5.91404,5.3808798790943015,5.601356491347258,5.588769094112495,8.56818838495366,7.609901568778671,2.897,2.6697986737906367,2.938819488127837,2.8970085239296575,2.918840000025103,2.912022166869835,2.1859,2.1515375868272733,2.2578283156881076,2.185868126899497,2.2065087609110527,2.1945990350483373,44.918,44.433992190768116,45.20631264405986,44.91811409622928,44.433992190768116,44.433992190768116
450.0,1296.656,930.5934031882653,1271.3216218123835,1265.713625959991,1639.7937809108344,1649.037252475381,1087.291,718.1063575332864,1064.0289303980253,1056.8459178239166,1260.1546022274201,1179.2406111068713,5.97944,5.441293438546449,5.6676455403278245,5.654134432846009,8.63189593909001,7.673084752958874,2.9206,2.706994980453566,2.9609414004324655,2.9206099609026,2.9425078869393646,2.9364848671603236,2.221,2.1887338934902023,2.293119894228865,2.2209560835626894,2.24177798506089,2.230273140344702,43.754,43.44657014208438,44.054287594724045,43.75360504670354,43.44657014208438,43.44657014208438
460.0,1326.056,957.8510836034911,1301.0463723900166,1295.0438533986276,1669.2322844445623,1678.3743066613729,1110.591,740.1814270788773,1087.945186760824,1080.2164299961084,1283.615434439518,1202.6036248518465,6.04384,5.501201326009703,5.7329763569372885,5.718598057672394,8.694914751751295,7.73561175978289,2.9457,2.7446053501517844,2.984175515903691,2.9456590749702105,2.967469413106892,2.9621649323706003,2.2564,2.2263442631884214,2.3284255739785573,2.2564443685625832,2.2773805287597146,2.2662582857946565,42.656,42.50207948682168,42.9691327360226,42.65586010539189,42.50207948682168,42.50207948682168
470.0,1355.656,985.4867021873542,1331.008218255417,1324.6309578844919,1698.942416190018,1707.9932373743493,1134.291,762.6344347931063,1112.147519331159,1103.8842653949214,1307.388621873951,1226.285330336118,6.10754,5.560633591057689,5.797411986433498,5.782227678201052,8.757284442159127,7.797519600283287,2.972,2.7825733877787453,3.008330897699314,2.9719542402323444,2.9935574383367154,2.9889042362055345,2.2923,2.2643123008153823,2.3636776811404996,2.292260352842614,2.3132550427991867,2.30249479236949,41.619,41.597779923272284,41.94465531644741,41.618763186364504,41.597779923272284,41.597779923272284
480.0,1385.456,1013.5035622827099,1361.2155244919877,1354.4865098586163,1728.932271588635,1737.9012731739172,1158.291,785.4686840188297,1136.6408675301873,1127.857785128426,1331.4796125475586,1250.2906919153036,6.17034,5.6196172194091325,5.861007744122245,5.8450827825200955,8.819040651431992,7.858841563445155,2.9993,2.8208447716116773,3.033241895191053,2.999321675962642,3.0206253653554245,3.016563882540228,2.3283,2.3025836846483143,2.3988157281291027,2.32833928963255,2.3493460979751934,2.338928744150334,40.637,40.73115950820411,40.975439081953674,40.63696721297181,40.73115950820411,40.73115950820411
490.0,1415.656,1041.9044343821006,1391.675109710167,1384.6204619236273,1759.2089527418257,1768.1047323614293,1182.591,808.6869452485862,1161.428940172531,1152.1440765907748,1355.8930760062617,1274.6239400746426,6.23244,5.678176428421731,5.923812333388466,5.907215841412964,8.880215510022552,7.919607653998166,3.0276,2.8593672533115915,3.0587642925015626,3.027610920469507,3.0485442603335167,3.0450215540079197,2.3646,2.3411061663482284,2.4337858535192862,2.364623479625882,2.3856037266646246,2.375511547484324,39.706,39.89991135497546,40.05672299702278,39.70577253601326,39.89991135497546,39.89991135497546
500.0,1446.056,1070.6915768616036,1422.392444382952,1415.0413631250328,1789.778667025458,1798.6091124720165,1207.191,832.291476858456,1186.5143745727246,1176.7491210712044,1380.6329810086454,1299.2886442780602,6.29394,5.736332932731765,5.9858687809463484,5.96867330861192,8.940838046360424,7.979844975350577,3.0567,2.8980906579232815,3.084772214933063,3.056691176063377,3.077200441744332,3.0741692831275422,2.4011,2.3798295709599184,2.4685403131565025,2.401061520336982,2.421982968778217,2.4121994922426553,38.821,39.101913127875946,39.1843024596244,38.82102824111864,39.101913127875946,39.101913127875946
510.0,1476.756,1099.8667567146585,1453.3718212363156,1445.7565401868142,1820.6468158792914,1829.4191710739337,1232.091,856.2840458418768,1211.8988740020313,1201.677935949476,1405.7026657565377,1324.2877789649083,6.35474,5.7941061835873136,6.04721522410327,6.0294964565224,9.000934544152488,8.039578064529929,3.0864,2.9369668838753147,3.1111556076037448,3.0864483267820138,3.106493445889808,3.10391156466749,2.4376,2.4187057969119516,2.503037009365164,2.437607629778981,2.4584434307720686,2.448953324195067,37.979,38.335208948897986,38.35444820897841,37.97905139512887,38.335208948897986,38.335208948897986
520.0,1507.756,1129.4312702859097,1484.6165027079596,1476.7722516611075,1851.8180746369726,1860.5389985842692,1257.391,880.6659485434948,1237.5833272762538,1226.9346959858708,1431.1049012327067,1349.623783170645,6.41494,5.851513584940593,6.107885577024395,6.089722078171113,9.060528854883568,8.09882918518296,3.1168,2.975949902980043,3.13781815149797,3.116782482545754,3.1363342990395484,3.134163746962272,2.4742,2.45768881601668,2.5372390500150486,2.4742210368512985,2.4949488639738933,2.485737835035063,37.177,37.597993392188414,37.56383927765854,37.1765604807392,37.597993392188414,37.597993392188414
530.0,1539.056,1159.3859640050473,1516.1288493424904,1508.0938196832979,1883.29646421144,1891.9720837831142,1282.891,905.4380313929978,1263.5679133900803,1252.5228372580207,1456.8419481989695,1375.298614253833,6.47464,5.9085706889562,6.167910097202044,6.149383079611471,9.119642671254175,8.157618583960478,3.1476,3.0149957604335977,3.1646755208022834,3.147605940321519,3.166644041891671,3.1648506537748995,2.5109,2.4967346734702347,2.5711143335503452,2.5108654322425825,2.5314667664896953,2.522521474555507,36.411,36.888597290449006,36.80950718640629,36.41062014839152,36.888597290449006,36.888597290449006
540.0,1570.756,1189.731255120636,1547.910432152281,1539.7257430694162,1915.0854153985927,1923.7213726761545,1308.891,930.6007116389537,1289.8521934834653,1278.4451465802945,1482.9156083929613,1401.3137962075473,6.53374,5.96529137324417,6.227315868989904,6.208508982062989,9.178295766577913,8.215964714964201,3.1788,3.054062574815887,3.1916539086357387,3.1788414793892543,3.197352463700513,3.1959053985477084,2.5475,2.535801487852523,2.6046351567141746,2.5475084745577865,2.5679680113528427,2.5592759878340576,35.679,36.205475118403655,36.08878920944977,35.678595066862194,36.205475118403655,36.205475118403655
550.0,1602.656,1220.467152433962,1579.962131351388,1571.6717947650466,1947.1878265094604,1955.7893213196487,1335.091,956.1539980826456,1316.4351919611945,1304.7038386965548,1509.3272704404126,1427.6704630209003,6.59234,6.021688001830263,6.2861272177541165,6.267126349248913,9.236506204529796,8.273884436355278,3.2104,3.0931105380906017,3.218688768113878,3.210420927088019,3.228397012115325,3.22726836055333,2.5841,2.574849451127238,2.6377778441589164,2.5841213469700146,2.6044265023095443,2.5959760789896333,34.978,35.5471937526145,35.39928901101832,34.97811114296103,35.5471937526145,35.5471937526145
560.0,1634.956,1251.59327703287,1612.2842234028844,1603.9351060932745,1979.6061149886439,1988.1779431832615,1361.691,982.0975118119204,1343.3154682395952,1331.3006231169318,1536.0779509737451,1454.3693975378246,6.65054,6.077771571621952,6.34436606564172,6.325259152432532,9.294290523079468,8.33139318271168,3.2423,3.1321019156052117,3.245723728048188,3.2422839456130825,3.2597218513604886,3.258886298271564,2.6207,2.613840828641848,2.670522399119274,2.6206783601073425,2.6408188576526688,2.6325991020638426,34.307,34.912422435603524,34.738843312610136,34.307022750778984,34.912422435603524,34.912422435603524
570.0,1667.556,1283.1088830255953,1644.876457964726,1636.5182398103034,2012.3422636251423,2020.888851586324,1388.691,1008.430506935013,1370.4911803312543,1358.2367621408987,1563.1683314186002,1481.4110662373955,6.70824,6.133551845910686,6.402052237974346,6.382929083326444,9.351663895952704,8.388505116268348,3.2744,3.1710010460909657,3.272709652536802,3.274377001008423,3.2912770464397645,3.2907115797856554,2.6572,2.6527399591276017,2.7028521747971777,2.657156597191751,2.677124121773537,2.6691247788179866,33.663,34.29992379638241,34.105493525445574,33.66338489348852,34.29992379638241,34.29992379638241
580.0,1700.456,1315.012878274602,1677.7381260455222,1669.4232536305076,2045.397861911484,2053.923297702821,1415.891,1035.1518913143846,1397.9601412763614,1385.5131213489872,1590.598790878841,1508.7956503342073,6.76544,6.189037476263444,6.45920372770214,6.440155823206507,9.408640274533337,8.445233259773712,3.3067,3.209774341662896,3.2996038197329245,3.3066524834678237,3.323017854972978,3.3227015134717006,2.6935,2.6915132546995326,2.7347535659195064,2.693535597699871,2.713323503556973,2.705534942674257,33.045,33.70854579989306,33.49746149491565,33.04542943832819,33.70854579989306,33.70854579989306
590.0,1733.656,1347.303845130427,1710.8681204677528,1702.6517556055203,2078.7741430587703,2087.2822045905136,1443.591,1062.2602473005763,1425.7198692713564,1413.130213637216,1618.369435518614,1536.5230735698262,6.82224,6.2442361139945834,6.515836924097061,6.496957275090981,9.465232512739284,8.501589613344033,3.3391,3.2483902878198085,3.326369201769846,3.339067954134142,3.354904111364058,3.3548177650028204,2.7298,2.7301292008564455,2.766215720495524,2.729797076041446,2.7494001403614687,2.741813307631552,32.452,33.137214515149104,32.91312866926025,32.45154473436182,33.137214515149104,33.137214515149104
600.0,1767.156,1379.9800611655132,1744.2649895668164,1736.2049525183036,2112.472017129338,2120.96619766083,1471.491,1089.7538524660295,1453.7676322205425,1441.0882376995428,1646.4801248081005,1564.5930270382212,6.87864,6.299154512268947,6.571966810853291,6.553349764662107,9.521452477075485,8.557585257387746,3.3716,3.2868194434442946,3.352973829790565,3.37158549827296,3.386899690463358,3.3870258488883342,2.7659,2.7685583564809306,2.7972302710830235,2.765924671966378,2.785338886072115,2.7779452607196276,31.88,32.58492760656329,32.3510181345426,31.880258054769076,32.58492760656329,32.58492760656329
610.0,1801.056,1413.03951990805,1777.9269849185912,1770.0836922709038,2146.492100705322,2154.9756319688204,1499.791,1117.630700338932,1482.1004873357542,1469.3871117255253,1674.9304949682476,1593.0049913599096,6.93464,6.353798619765492,6.62760713794001,6.609348214648831,9.577311143776832,8.613230443400921,3.4042,3.3250344408027224,3.3793902327559766,3.404171168352264,3.418972039875405,3.4192946845494623,2.8019,2.806773353839359,2.8277910851904307,2.8019037296223512,2.821126121561372,2.813917676392194,31.33,32.05074846547209,31.809779060615153,31.33022040954641,32.05074846547209,32.05074846547209
620.0,1835.256,1446.4799515758064,1811.8521037780492,1804.28850109489,2180.834743470885,2189.310616667126,1528.391,1145.8885211370548,1510.7153163270787,1498.0265029662444,1703.7199799194993,1621.7582564920797,6.99024,6.40817366672494,6.682770570877877,6.664966296608849,9.632818684702023,8.668534674198282,3.4368,3.3630099855452427,3.4055949394490073,3.4367945034420555,3.4510917716862255,3.4515962083935423,2.8377,2.844748898581879,2.8578940340770727,2.83772110239486,2.8567495858193652,2.84971875117721,30.8,31.533800909577376,31.288173184437927,30.800193357077127,31.533800909577376,31.533800909577376
625.0,1852.456,,,,,,1542.891,,,,,,7.01794,,,,,,3.4531,,,,,,2.8556,,,,,,30.542,,,,,
630.0,,1480.2988438099715,1846.0381268208625,,2215.500052048088,2223.971036934565,,1174.5248025015858,1539.6088566598032,,1732.84783001077,1650.8519394354737,,6.462284244112672,6.737468820554418,,9.687984543419079,8.723506774937318,,3.4007228567057806,3.431568035703738,,3.48323230572302,3.483905034558948,,2.882461769742417,2.887536779263061,,2.892198226001781,2.885337856881466,,31.03326438720313,30.785063022509064,,31.03326438720313,31.03326438720313
640.0,,1514.4934624089974,1880.482651704644,,2250.4879113916004,2258.9565736589457,,1203.5368102309785,1568.7777292958376,,1762.3131287777483,1680.2850000736923,,6.516134376547573,6.7917127562312,,9.742817502732159,8.778154956113065,,3.4381519067020476,3.457292770055671,,3.51536955757375,3.516198158015659,,2.919890819738684,2.9167185761087033,,2.927462064674519,2.9207654106710814,,30.548369631153086,30.299401556848498,,30.548369631153086,30.548369631153086
650.0,,1549.0608720624282,1915.1831229031072,,2285.798004015398,2294.2667211249436,,1232.9216090147756,1598.2184632896165,,1792.1148079543213,1710.0562553569926,,6.569727589576701,6.845512504009675,,9.797325744733085,8.83248686954455,,3.4752780613355303,3.4827552018094003,,3.547481665530402,3.5484546945610025,,2.9570169743721673,2.9454400934057783,,2.962532082597128,2.955992760406937,,30.07839471375073,29.830223181653462,,30.07839471375073,30.07839471375073
660.0,,1583.9979570847404,1950.1368582126893,,2321.4298272953947,2329.9008029314878,,1262.6760831674542,1627.9275175671642,,1822.2516609374718,1740.1643920206875,,6.623066971813923,6.898877532698028,,9.851516904316734,8.886509658237797,,3.5120843197914993,3.507943886741662,,3.5795487514117896,3.580655652976604,,2.993823232828136,2.9737032482521206,,2.997400115471953,2.9910120836941707,,29.62266146051208,29.376635732500453,,29.62266146051208,29.62266146051208
670.0,,1619.301442149187,1985.3410722851545,,2357.38270906536,2365.857986338896,,1292.7969573622672,1657.9013001812068,,1852.7223548844545,1770.6079780080001,,6.676155232405886,6.951816728747761,,9.905398116974526,8.940230000892363,,3.548555754639001,3.5328495958943478,,3.611552710896044,3.612783735233927,,3.0302946676756375,3.001511055199118,,3.032058763184765,3.0258162991996707,,29.18053218498205,28.937813448417042,,29.18053218498205,29.18053218498205
680.0,,1654.9679130216255,2020.7928974999272,,2393.6558216993767,2402.13729522407,,1323.2808173650724,1688.1361853040466,,1883.5254416014034,1801.3854727486441,,6.728994754240777,7.004338461696579,,9.958976061572008,8.993654151716099,,3.5846795118308634,3.557465064132831,,3.6434770295703394,3.6448231611700694,,3.0664184248674995,3.0288674888022813,,3.0665013101695444,3.060398988894855,,28.75140671167349,28.51299074054412,,28.75140671167349,28.75140671167349
690.0,,1690.9938372943652,2056.489402455396,,2430.2481948523814,2438.737621802073,,1354.124130768178,1718.6285281925143,,1914.6593673646025,1832.495236427464,,6.7815876432728075,7.056450641357105,,10.01225699872266,9.046787976124273,,3.620444810703696,3.5817847649034635,,3.6753066214015844,3.67675951451668,,3.1021837237403322,3.0557773587606323,,3.100721655640075,3.0947543299880156,,28.334719657881124,28.101456660438974,,28.33471965788112,28.33471965788112
700.0,,1727.3755851199949,2092.4276083282116,,2467.158727010777,2475.6577372545003,,1385.3232677241735,1749.3746783351444,,1946.1224817995198,1863.9355383621287,,6.833935774297785,7.108160767822482,,10.065246805289314,9.09963698282273,,3.655842943977883,3.605804708656403,,3.707027686760204,3.7085796075644213,,3.137581857014519,3.082246196570466,,3.1347142525408422,3.128877035417703,,27.92993794848282,27.70254997710867,,27.92993794848282,27.92993794848282
710.0,,1764.1094499452302,2128.604503323101,,2504.386195987596,2512.8963013888942,,1416.8745216797756,1780.3709909702511,,1977.913045928103,1895.7045645950357,,6.8860408334818555,7.159475975215924,,10.117951005474143,9.152206352708388,,3.690867277757592,3.629522262125209,,3.7386275874998094,3.740271362092419,,3.1726061907942285,3.1082801530817328,,3.168474054176794,3.162762301883439,,27.536558540757706,27.315654785226634,,27.536558540757706,27.536558540757706
720.0,,1801.1916692447494,2165.0170554122583,,2541.9292684810143,2550.4518714389624,,1448.7741301096612,1811.613837144495,,2010.0292394818057,1927.8004247921133,,6.937904357915899,7.210403069987829,,10.170374798897994,9.2045009649633,,3.725513251530775,3.6529359865379303,,3.77009473691718,3.7718237044942344,,3.2072521645674117,3.1338859058358772,,3.2019964675840016,3.1964057644905277,,27.154106338802737,26.940196578163338,,27.154106338802737,27.154106338802737
730.0,,1838.6184452550233,2201.662223542662,,2579.786508801092,2588.322910102462,,1481.0182952503014,1843.099612464437,,2042.4691675661072,1960.2211585301095,,6.989527772441768,7.260948564457769,,10.222523086017242,9.256525420669034,,3.759778378169157,3.67604549280364,,3.801418502696387,3.8032264732950694,,3.2415172912057937,3.1590705758035216,,3.2352773127999237,3.2298034571807275,,26.782132279367087,26.575638728846577,,26.782132279367087,26.782132279367087
740.0,,1876.3859657081584,2238.536967471246,,2617.956386857157,2626.5077929021145,,1513.603204833803,1874.824744678313,,2075.2308667519187,1992.9647410440264,,7.040912423973131,7.311118706207142,,10.274400491181337,9.308284064225527,,3.7936622439282415,3.6988513115670223,,3.832589121184333,3.834470337484801,,3.2754011569648784,3.183841652291547,,3.26831278728237,3.2629517782093895,,26.420211572889155,26.221479329375285,,26.420211572889155,26.420211572889155
750.0,,1914.490424565744,2275.6382563713805,,2656.4372854872404,2665.004814944635,,1546.5250528217548,1906.7857002115188,,2108.312310659975,2026.0290884974875,,7.09205961351261,7.360919503849439,,10.326011383595045,9.359781002821535,,3.8271665084473194,3.7213547771966833,,3.8635976215566883,3.8655467242919306,,3.3089054214839555,3.2082069257720476,,3.3010994348095184,3.2958474600116765,,26.067942085250632,25.877248346996677,,26.067942085250632,26.067942085250632
760.0,,1952.928042752672,2312.9630763395344,,2695.2275072012208,2703.8121971439746,,1579.7800601390495,1938.9789897669998,,2141.7114150961847,2059.412062831074,,7.142970626048491,7.410356749636651,,10.377359896415783,9.411020124172262,,3.8602949047494555,3.743557923570568,,3.8944357586181835,3.896447755198947,,3.342033817786091,3.232174427656882,,3.333634118269952,3.328487542875896,,25.724942847286805,25.542505059729223,,25.724942847286805,25.724942847286805
770.0,,1991.6950888909896,2350.5084369178126,,2734.325280400691,2742.928091966783,,1613.3644954077336,1971.4011730905959,,2175.426042788618,2093.1114762366915,,7.193646758497136,7.459436039301278,,10.428449944187138,9.462005112712081,,3.8930532392414987,3.765463391246247,,3.9250959531422676,3.927166189152777,,3.3747921522781357,3.255752376580935,,3.365913995821232,3.3608693519105586,,25.39085268043893,25.216835739740407,,25.39085268043893,25.39085268043893
780.0,,2030.7879000337289,2388.271376736369,,2773.7287651309352,2782.35058875107,,1647.2746956808392,2004.0488629914475,,2209.454007770475,2127.12509529996,,7.244089345842573,7.508162789482253,,10.479285238784678,9.512739464406561,,3.925449391714073,3.7870743442375527,,3.955571238795845,3.957695372057863,,3.40718830475071,3.2789491305367635,,3.3979364999585213,3.3929904768538846,,25.065328928125606,24.89985155670914,,25.065328928125606,25.065328928125606
790.0,,2070.2029023987448,2426.248968369154,,2813.4360584137034,2822.077718642784,,1681.5070871762214,2036.918728698548,,2243.793079447725,2161.450644847237,,7.294299785610926,7.556542253038473,,10.529869304028121,9.563226500327616,,3.9574933153415826,3.808394395630424,,3.9858552148174704,3.988029191756473,,3.439232228378219,3.301773144396299,,3.429699319091471,3.4248487543303896,,24.74804628346579,24.591186676929304,,24.74804628346579,24.74804628346579
800.0,,2109.936632102561,2464.4383224870007,,2853.4451992035642,2862.107459189545,,1716.0582060104043,2070.0074986263908,,2278.440986385221,2196.0858115292135,,7.344279560805546,7.6045795325151095,,10.580205489095302,9.613469379117719,,3.989197036682221,3.8294275412207264,,4.015942003724548,4.018162037803075,,3.4709359497188577,3.3242329320438606,,3.461200381278372,3.456442252209305,,24.438695704922466,24.290496536940022,,24.438695704922466,24.438695704922466
810.0,,2149.985755894197,2502.8365913835632,,2893.7541730054004,2902.4377386259416,,1750.9247189324064,2103.3119626153652,,2313.3954198407237,2231.0282471688315,,7.394030261417409,7.652279591994266,,10.630296980856833,9.663471108453928,,4.0205746556779465,3.850178100482569,,4.0458262134184295,4.048088765428916,,3.5023135687145834,3.3463370335168428,,3.492437839811808,3.4877692557642144,,24.136983412269103,23.997456273073876,,24.136983412269103,24.136983412269103
820.0,,2190.347091889014,2541.4409719420273,,2934.360916186091,2943.0664398805925,,1786.1034440575895,2136.828973705929,,2348.6540370725447,2266.275571897742,,7.4435536046157775,7.699647267532151,,10.680146815236428,9.713234555609077,,4.051642345654508,3.870650663593852,,4.075502903137916,4.07780466317096,,3.5333812586911435,3.368093985273197,,3.523410060390316,3.518828255373012,,23.84262995602192,23.711759290565272,,23.84262995602192,23.84262995602192
830.0,,2231.0176303025455,2580.2487081036006,,2975.2633200093983,2983.9914043314343,,1821.5913716014875,2170.5554494996472,,2384.2144644431814,2301.825377102313,,7.492851453715108,7.746687276359693,,10.729757887689336,9.762762457196091,,4.08241835332143,3.890850044610076,,4.104967552782677,4.107305423707378,,3.564157266358066,3.3895122948627865,,3.554115609646083,3.5496179355323623,,23.555369354142137,23.4331159578066,,23.555369354142137,23.555369354142137
840.0,,2271.994554184345,2619.2570928926552,,3016.45923441959,3025.2104353325158,,1857.3856846136532,2204.4883731547743,,2420.0743003384537,2337.6752281975005,,7.541925836006094,7.793404225001098,,10.77913296288088,9.812057428171352,,4.112922998772021,3.910781239558444,,4.134216035190201,4.136587117501225,,3.594661911808658,3.410600418276222,,3.5845532448302064,3.5801371649918945,,23.27494829040235,23.161252413029217,,23.27494829040235,23.27494829040235
850.0,,2313.275260151814,2658.4634700478277,,3057.9464715962663,3066.721301532656,,1893.4837797114888,2238.6247940592493,,2456.2311179191447,2373.822667244485,,7.590778959531599,7.839802616445575,,10.828274683637668,9.86112197016435,,4.143178675483364,3.9304493894525425,,4.163244591003769,4.165646168905688,,3.6249175885200007,3.431366740604412,,3.614721904484481,3.6103849878404466,,23.001125369338794,22.895909472153317,,23.001125369338794,23.001125369338794
860.0,,2354.857379124041,2697.8652353033863,,3099.722809300192,3108.5217400039696,,1929.883287814082,2272.9618282195715,,2492.6824677199993,2410.26521542593,,7.639413228881423,7.885886856490491,,10.877185579236087,9.909958479193396,,4.173209850316318,3.949859747253283,,4.192049805816159,4.194479334429442,,3.6549487633529547,3.451819559049398,,3.644620699953029,3.6403606154006924,,22.73367042318369,22.636841627830314,,22.73367042318369,22.73367042318369
870.0,,2396.73879705565,2737.4598373606714,,3141.7859940275594,3150.6094591959827,,1966.582094876058,2307.4966584000713,,2529.425880108977,2447.0003753909014,,7.687831260074033,7.931661259359525,,10.92586807308554,9.95856925282062,,4.203043063515542,3.969017648787983,,4.220628589314722,4.22308368290003,,3.684781976552179,3.471967068444864,,3.6742489076081113,3.670063418809203,,22.472363866595373,22.38381613081781,,22.472363866595373,22.472363866595373
880.0,,2438.9176756706256,2777.244778585349,,3184.1337439881354,3192.982141729295,,2003.5783626213997,2342.2265340435547,,2566.458867618126,2484.025633479962,,7.736035894587834,7.9771300526863,,10.974324489857878,10.006956496793617,,4.232706928709449,3.9879284871055662,,4.248978156189172,4.2514565772973665,,3.7144458417460857,3.4918173490782536,,3.70360596168294,3.6994929221772255,,22.216996095384058,22.136612145805035,,22.216996095384058,22.216996095384058
890.0,,2481.3924731961533,2817.2176154625913,,3226.763751920871,3235.6374470410115,,2040.8705492772933,2377.148771001076,,2603.778927155897,2521.338461839596,,7.784030212599706,8.02229738194287,,11.022557062108929,10.055122331216317,,4.262232132910247,4.006597689583264,,4.277096008594484,4.2795956580592955,,3.743971045946884,3.5113783559678207,,3.7326914476202777,3.728648796243183,,21.967366925773003,21.895019974663327,,21.967366925773003,21.967366925773003
900.0,,2524.161965096465,2857.3759588389885,,3269.673687759096,3278.573013892829,,2078.4574303079717,2412.26075109569,,2641.383542109632,2558.936320433976,,7.831817545483862,8.06716731438248,,11.070567936433505,10.103068796287149,,4.291651436513923,4.025030697929137,,4.3049799199883605,4.307498827687098,,3.773390349550559,3.5306579101585402,,3.7615050958595413,3.75753085244163,,21.72328507104219,21.65884034084968,,21.72328507104219,21.72328507104219
910.0,,2567.225264806665,2897.7174739770426,,3312.8612011559903,3321.7864627513586,,2116.3381191485387,2447.559921542449,,2679.2701843457803,2596.8166589610705,,7.879401487620106,8.111743842557317,,11.118359179190966,10.150797857638747,,4.320999673300235,4.0432329508981635,,4.332627920186192,4.335164236501298,,3.8027385863368717,3.5496636916374418,,3.7900467759970646,3.7861390373251314,,21.48456765267909,21.427883729354157,,21.48456765267909,21.48456765267909
920.0,,2610.5818444665806,2938.239880445425,,3356.323923879882,3365.2753980492284,,2154.5120879388196,2483.043794244539,,2717.4363161145643,2634.976918679261,,7.9267859075569,8.156030887464514,,11.16593278183491,10.198311411310154,,4.350313750432735,4.06120986864221,,4.3600382814968475,4.362590269417824,,3.832052663469372,3.568403233303488,,3.818316491264547,3.81447342728576,,21.25103974341084,21.201969777166717,,21.25103974341084,21.25103974341084
930.0,,2654.231555654589,2978.9409518657876,,3400.059472087892,3409.037410334556,,2192.9791882571944,2518.7099449833568,,2755.879391865001,2673.4145341498734,,7.973974958570821,8.20003230136696,,11.213290665877246,10.24561128837942,,4.379632648458745,4.078966839526299,,4.387209505820432,4.389775533631474,,3.861371561495382,3.5868839163519253,,3.846314373279598,3.8425342235316102,,21.02253393971825,20.980926709755845,,21.02253393971825,21.02253393971825
940.0,,2698.174650121461,3019.8185155347237,,3444.0654484855286,3453.0700783155903,,2231.7396718544333,2554.5560125183747,,2794.5968599754983,2712.1269349004115,,8.02097308866145,8.243751870329774,,11.260434687514165,10.292699259281965,,4.4089974213093654,4.096509208345705,,4.414140312604493,4.416718847108493,,3.890736334346002,3.605112966577374,,3.874040677029898,3.8703217472812352,,20.798889961636142,20.7645908195086,,20.798889961636142,20.798889961636142
950.0,,2742.4118005241994,3060.870451937569,,3488.3394443790776,3497.3709708065794,,2270.794211387537,2590.579697610994,,2833.586164404705,2751.111547012742,,8.06778505001732,8.287193316507963,,11.307366641938936,10.339577037837731,,4.438451196299477,4.113842266495977,,4.4408296275685935,4.44341922780284,,3.9201901093361133,3.623097451890186,,3.9014957760590057,3.8978364351452566,,20.579954277829444,20.552805982487182,,20.579954277829444,20.579954277829444
960.0,,2786.944121159869,3102.094694168936,,3532.879041626943,3541.937648580359,,2310.143921153574,2626.7787619849737,,2872.8447462667336,2790.3657946399994,,8.114415907986263,8.330360300216743,,11.354088267364299,10.386246285008014,,4.468039174127756,4.130971243130105,,4.467276572118759,4.469875883521865,,3.949778087164393,3.640844280307509,,3.9286801578274053,3.925078834669898,,20.365579754102054,20.345423210217543,,20.365579754102054,20.365579754102054
970.0,,2831.7731886994466,3143.489227273337,,3577.681814495485,3586.767666132574,,2349.7903778235172,2663.151027234674,,2912.3700453344995,2829.887101455606,,8.160871049580962,8.373256421811686,,11.400601248775196,10.432708612401228,,4.497808628876632,4.147901297938862,,4.4934804533833725,4.496088202376696,,3.9795475419132686,3.6583601990522125,,3.955594419227053,3.952049600021723,,20.155625323647396,20.142300233545583,,20.155625323647396,20.155625323647396
980.0,,2876.9010629216473,3185.052087517773,,3622.745331424429,3631.858573362029,,2389.735641176085,2699.6943736910825,,2952.159501474522,2869.672892037444,,8.207156191548258,8.415885223402686,,11.446907221430811,10.478965585545062,,4.527808908012338,4.164637514797541,,4.519440754810859,4.5220557437610776,,4.009547821048974,3.6756517940119013,,3.9822392622317393,3.978749487796837,,19.94995567748773,19.943301115882377,,19.94995567748773,19.94995567748773
990.0,,2922.3303074467726,3226.781361606961,,3668.06715670641,3677.207917171221,,2429.9822748315764,2736.406739254476,,2992.210556016243,2909.72059318994,,8.253277388028854,8.458250190422635,,11.49300777413336,10.525018726941122,,4.558091432384873,4.181184896549754,,4.545157127277041,4.547778229809562,,4.039830345421509,3.6927254899074775,,4.008615489668858,4.005179352941018,,19.74844097367472,19.748295893414177,,19.74844097367472,19.74844097367472
1000.0,,2968.064010470536,3268.6751858506354,,3713.644852084861,3722.8132429907914,,2470.533366985706,2773.2861182015613,,3032.520653058587,2950.0276352065653,,8.299241037832099,8.500354753069153,,11.538904452279603,10.570869518916782,,4.588709696228016,4.197548360724751,,4.570629380656638,4.573255537292196,,4.070448609264653,3.7095875509922482,,4.03472400110104,4.031340144770014,,19.550956563937973,19.557160240081004,,19.550956563937973,19.550956563937973
1010.0,,3014.085024773611,3310.7317452914012,,3759.4759782740934,3768.6720962313,,2511.3717704191477,2810.330559974008,,3073.0872407163533,2990.5914530750524,,8.345033271856149,8.542202287635224,,11.584598760709797,10.616519406287942,,4.615452366756669,4.213732735861451,,4.59585747581906,4.59848768990837,,4.097191279793305,3.7262440820632374,,4.06056578880847,4.057232903081547,,19.35738273657225,19.369775155331283,,19.35738273657225,19.35738273657225
1020.0,,3060.372116014478,3352.9492728006176,,3805.5580964051387,3814.782023665497,,2552.4762507903806,2847.538167954511,,3113.9077723087285,3031.4094876274435,,8.390636472196517,8.583796117742892,,11.630092166367684,10.661969798845174,,4.6419203019256186,4.2297427587355925,,4.620841517013581,4.623474850947061,,4.123659214962255,3.742701029897026,,4.086141933864608,4.082858754352421,,19.167604474448993,19.18602667284228,,19.167604474448993,19.167604474448993
1030.0,,3106.9225234115834,3395.326048149,,3851.8887694005903,3861.1405747439844,,2593.844047317853,2884.9070982357507,,3154.979707492107,3072.4791866369374,,8.43605165624878,8.625139515492037,,11.675386100784019,10.70722207367486,,4.66811601651029,4.245583072085567,,4.645581744613235,4.64821731628482,,4.149854929546928,3.758964185114903,,4.111453602299717,4.108218908015722,,18.981511227124248,19.005805588560566,,18.981511227124248,18.981511227124248
1040.0,,3153.7335372931516,3437.860397057845,,3898.465563281556,3907.745302847018,,2635.472450329787,2922.435558386966,,3196.300513339236,3113.798005863377,,8.481279839141806,8.666235702534888,,11.720481962395258,10.75227757732611,,4.694042015213367,4.261258223085056,,4.670078528190504,4.672715507696375,,4.175780928250004,3.7750391842003688,,4.136502041347869,4.133314652814362,,18.798996696094207,18.82900720656357,,18.798996696094207,18.798996696094207
1050.0,,3200.8024729711137,3480.5506902361194,,3945.2860484095113,3954.593766474955,,2677.3587751381156,2960.121806222309,,3237.867665366557,3155.363410049063,,8.526322030769808,8.707087851085692,,11.765381118708172,10.797137627833399,,4.719700790073483,4.276772661950585,,4.694332359900991,4.696969966455676,,4.201439703110119,3.790931511711531,,4.161288575774203,4.158147353228246,,18.61995863232188,18.65553110137602,,18.61995863232188,18.61995863232188
1060.0,,3248.126670614468,3523.3953424080396,,3992.347800665746,4001.6835303797643,,2719.500361911836,2997.964148574549,,3279.6786485115294,3197.1728738665747,,8.571179235870753,8.74769908487345,,11.810084908320292,10.841803516604166,,4.745094820465218,4.292130741405566,,4.718343848154154,4.720981347207886,,4.226833733501855,3.8066465028807355,,4.185814604280067,4.182718445973139,,18.444298645224503,18.485280895494526,,18.444298645224503,18.444298645224503
1070.0,,3295.7034951226324,3566.3928113352213,,4039.6484025709033,4049.0121666398154,,2761.894575550367,3035.9609400772974,,3321.7309580616466,3239.2238828200925,,8.615852454101137,8.788072480044779,,11.854594642805557,10.88627651018,,4.770226573099107,4.307336716229918,,4.74211371155249,4.744750412095105,,4.251965486135744,3.822189346202452,,4.21008159598439,4.207029436570073,,18.271922022371935,18.318164050981167,,18.271922022371935,18.271922022371935
1080.0,,3343.5303359988193,3609.541596836984,,4087.1854443469597,4096.577255680093,,2804.5388055569206,3074.110581958434,,3364.022100536696,3281.5139341017093,,8.660342680107261,8.828211066023158,,11.898911608473684,10.93055785187945,,4.795098502021636,4.322394743160041,,4.765642773082632,4.768278025120458,,4.2768374150582735,3.837565086125379,,4.234091086980139,4.231081895984476,,18.102737559201827,18.15409167408447,,18.102737559201827,18.102737559201827
1090.0,,3391.6046072233767,3652.840239811958,,4134.956524923893,4144.376387239834,,2847.4304659118443,3112.4115208470967,,3406.549594525841,3324.0405374041525,,8.704650903593194,8.868117826329708,,11.943037068011355,10.97464876332986,,4.819713048615239,4.337308881361735,,4.788931954543688,4.79156514673697,,4.301451961651876,3.852778626117442,,4.257844676965128,4.254877457334716,,17.936657398108235,17.99297833193399,,17.936657398108235,17.936657398108235
1100.0,,3439.9237471271617,3696.2873212637537,,4182.959252893129,4192.40716128952,,2890.566994945996,3150.862247596205,,3449.310971480951,3366.8012156912505,,8.748778109385704,8.907795699370201,,11.98697226201271,11.01855044589529,,4.844072641598301,4.352083092857676,,4.8119822711996445,4.814612828649095,,4.325811554634939,3.8678347316125548,,4.281344025946818,4.278417812670012,,17.77359687630725,17.834741880434514,,17.77359687630725,17.77359687630725
1110.0,,3488.4852182648956,3739.8814613330765,,4231.191247409819,4240.667188899041,,2933.945855214096,3189.4612961222406,,3492.303776467634,3409.7935059274637,,8.79272527749616,8.947247579192318,,12.030718410406063,11.06226408200696,,4.8681796970251625,4.366721243146016,,4.834794826644023,4.837422208815956,,4.3499186100618,3.8827380328130063,,4.304590851020913,4.30170470981783,,17.613474381926103,17.679303302558026,,17.613474381926103,17.613474381926103
1120.0,,3537.28650728852,3783.621318338377,,4279.650139045826,4289.15409305879,,2977.5645333680864,3228.207242263678,,3535.52556887528,3453.0149597677478,,8.83649338317975,8.986476316216557,,12.074276713783483,11.105790836402411,,4.892036618286108,4.381227102445844,,4.857370807866136,4.859994506646491,,4.373775531322745,3.8974930281501092,,4.327586923223727,4.324739949301033,,17.456211217801762,17.52658655629726,,17.456211217801762,17.456211217801762
1130.0,,3586.3251248205597,3827.505587826822,,4328.3335705952995,4337.865509455374,,3021.420540030493,3267.0987026592725,,3578.9739230874825,3496.463144208973,,8.880083396991985,9.025484717943922,,12.117648354639236,11.149131857278935,,4.915645796107377,4.395604346516473,,4.87971148050936,4.882331018377689,,4.3973847091440135,3.9121040870739794,,4.350334064458422,4.347525381325163,,17.30173147251148,17.376518431604104,,17.30173147251148,17.30173147251148
1140.0,,3635.598605327483,3871.5330016371317,,4377.23919783456,4386.7990872035525,,3065.5114096677826,3306.134333647178,,3622.646429114076,3540.135642204099,,8.923496284842773,9.064275549642748,,12.16083449852288,11.192288277366776,,4.939009608551157,4.4098565581031,,4.9018181843126065,4.904433112627774,,4.420748521587794,3.9265754533505604,,4.372834144495244,4.370062902836213,,17.149961898191204,17.2290284156902,,17.149961898191204,17.149961898191204
1150.0,,3685.1045069930583,3915.702326975593,,4426.364690238017,4435.952489535958,,3109.834700463724,3345.312830185663,,3666.540693186056,3584.030053240262,,8.9667330080481,9.102851535017159,,12.203836295112316,11.235261214926984,,4.962130421015591,4.4239872281738055,,4.923692328727072,4.926302226117041,,4.443869334052228,3.9409112481641007,,4.395089078045903,4.392354454649273,,17.000831794728672,17.084048566116596,,17.000831794728672,17.000831794728672
1160.0,,3734.8404115917183,3960.012365506352,,4475.707731651718,4485.323394452117,,3154.3879941927503,3384.632924796051,,3710.654338314571,3628.1439938819294,,9.009794523379494,9.141215356858886,,12.246654879211803,11.27805177467869,,4.985010586234768,4.437999757629416,,4.945335388700889,4.947939859549578,,4.466749499271405,3.955115473264,,4.4171008219122205,4.414402018648382,,16.85427289994653,16.941513391144003,,16.85427289994653,16.85427289994653
1170.0,,3784.803924361911,4004.4619524569307,,4525.26602092611,4534.909495328186,,3199.1688960933093,3424.0933865283614,,3754.9850048151598,3672.4750982802034,,9.052681783111328,9.179369657684234,,12.28929137167968,11.320661048660149,,5.0076524442787305,4.4518974585494995,,4.966748900624948,4.969347573649657,,4.489391357315367,3.969192014002533,,4.438871372209144,4.43620761505789,,16.71021928541707,16.80135973685617,,16.71021928541707,16.71021928541707
1180.0,,3834.9926738794693,4049.049955739703,,4575.037272509538,4584.708501488871,,3244.1750347412344,3463.693019949956,,3799.530350798407,3717.0210186494032,,9.095395735066173,9.217317040357436,,12.331746880290146,11.363090117027776,,5.030058322553469,4.465683556056841,,4.987934458433677,4.990526985347046,,4.511797235590105,3.983144642508974,,4.460402761662186,4.45777329978557,,16.568607257574552,16.66352668060664,,16.568607257574552,16.568607257574552
1190.0,,3885.404311930962,4093.775275089983,,4625.019217003874,4634.718138742823,,3289.4040619230936,3503.430664157446,,3844.2880526280924,3761.7794257119367,,9.137937322658185,9.255060068701823,,12.37402250053326,11.40534004879689,,5.052230535800928,4.479361189918143,,5.008893709854915,5.011479764105848,,4.533969448837565,3.996977020654556,,4.481697056979193,4.47910116183753,,16.429375263813423,16.52795543037275,,16.429375263813423,16.429375263813423
1200.0,,3936.036513387063,4138.636841221197,,4675.209601683786,4684.936149882875,,3334.8536525095606,3543.3051918119486,,3889.2558053479693,3806.7480091125494,,9.180307484934675,9.292601268099649,,12.41611931635705,11.447411902528023,,5.074171386099003,4.4929334162538845,,5.0296283528035115,5.032207628391923,,4.555910299135641,4.010692703117466,,4.502756356296415,4.500193320805096,,16.292463803281645,16.394589229632633,,16.292463803281645,16.292463803281645
1210.0,,3986.8869760758985,4183.633614997527,,4725.606190980918,4735.360295152376,,3380.5215043287626,3583.3155081977416,,3934.4313230782077,3851.924477802944,,9.222507156616,9.329943126081545,,12.458038400855346,11.489306726962063,,5.0958831628615355,4.506403209421594,,5.050140131913542,5.052712342274096,,4.577622075898172,4.024295140422092,,4.52358278669858,4.521051924423499,,16.157815342097496,16.263373267409108,,16.157815342097496,16.157815342097496
1220.0,,4037.9534206564163,4228.7645866243165,,4776.20676693434,4785.988352678884,,3426.4053380396463,3623.4605503042476,,3979.8123393825576,3897.3065603977716,,9.26453726813378,9.367088092906336,,12.49978081690478,11.531025561607501,,5.117368142838322,4.519773463595912,,5.070430835204357,5.072995712154803,,4.599107055874959,4.0377876816886955,,4.544178501812797,4.541679146202285,,16.025374232736045,16.134254593150963,,16.025374232736045,16.025374232736045
1230.0,,4089.233590491738,4274.028774856401,,4827.009129608564,4836.8181188764065,,3472.5028970053354,3663.7392859312504,,4025.3966076072666,3942.8920055029953,,9.306398745667533,9.404038582131847,,12.541347617754207,11.57256943728288,,5.138628590115111,4.533046994773107,,5.090502290875958,5.093059583625893,,4.620367503151748,4.051173577643828,,4.564545679475812,4.562077183127179,,15.895086637347944,16.00718203614593,,15.895086637347944,15.895086637347944
1240.0,,4140.72525152253,4319.425226224501,,4878.011097480312,4887.84740881736,,3518.8119471664922,3704.1507128171406,,4071.18190119271,3988.6785820175432,,9.348092511179892,9.440796971177186,,12.582739847569453,11.613939376617148,,5.159666756113594,4.546226542487645,,5.110356364229375,5.112905838445635,,4.64140566915023,4.064455983470133,,4.584686519474217,4.58224825343305,,15.766900454788688,15.882106129181867,,15.766900454788688,15.766900454788688
1250.0,,4192.4261921403495,4364.953014279722,,4929.210507795288,4939.074056575401,,3565.3302769146785,3744.69385778999,,4117.166013958748,4034.6640794092336,,9.389619482450343,9.47736560187699,,12.623958541936394,11.655136394510759,,5.180484879591425,4.559314771559002,,5.129994954707995,5.132536391633087,,4.662223792628061,4.077637961354412,,4.604603241357021,4.602194594447542,,15.640765251150379,15.758979036193079,,15.640765251150379,15.640765251150379
1260.0,,4244.33422306101,4410.611238856114,,4980.605216896085,4990.495915540236,,3612.055696965705,3785.3677759411544,,4163.346760364748,4080.846307965866,,9.430980573107645,9.513746781028015,,12.665004728324908,11.696161498559926,,5.2010851866422,4.572314274028889,,5.149419993055925,5.151953188676204,,4.682824099678837,4.090722483452595,,4.624298082320006,4.621918460504855,,15.516632193601565,15.637754483647113,,15.516632193601565,15.516632193601565
1270.0,,4296.4471771979415,4456.39902535125,,5032.193100522368,5042.110858705454,,3658.986040233003,3826.1715498211106,,4209.721975745191,4127.223099022382,,9.47217669266098,9.549942780928355,,12.70587942651627,11.737015689446485,,5.221469890695465,4.58522757092567,,5.168633438589648,5.17115820285014,,4.703208803732101,4.103712434454501,,4.6437732951610595,4.641422120929015,,15.394453987352735,15.518387695444753,,15.394453987352735,15.394453987352735
1280.0,,4348.762909535552,4502.315524024698,,5083.972054084423,5093.916778930471,,3706.119161700981,3867.1042886571922,,4256.289516521781,4173.792305164978,,9.513208746529868,9.585955839909502,,12.746583648996369,11.777699961295514,,5.241641192516728,4.598057113865072,,5.187637276579394,5.190153432642401,,4.723380105553365,4.116610613921247,,4.663031146305787,4.660707858085974,,15.274184815576543,15.400835331121765,,15.274184815576543,15.274184815576543
1290.0,,4401.279297002581,4548.359909314235,,5135.939992911138,5145.911589177573,,3753.4529382983756,3908.16512759284,,4303.047260392962,4220.55180041304,,9.554077636072904,9.621788162861595,,12.78711840131692,11.818215302002907,,5.261601280207431,4.610805287151122,,5.20643351573678,5.208940899281579,,4.743340193244069,4.1294197392501975,,4.682073913902467,4.679777965503728,,15.155780282122459,15.285055427155337,,15.155780282122459,15.155780282122459
1300.0,,4453.994238345464,4594.5313791695735,,5188.094852473454,5198.093222725057,,3800.9852687716248,3949.353226947972,,4349.993106501681,4267.499480379729,,9.59478425861542,9.657441921751818,,12.827484682426816,11.858562693534797,,5.281352329204981,4.623474409241437,,5.225024185805382,5.227522644366533,,4.763091242241617,4.142142447759557,,4.700903885985479,4.6986347460596205,,15.039197356875365,15.171007341191933,,15.039197356875365,15.039197356875365
1310.0,,4506.905654001689,4640.829154403457,,5240.4345885842495,5250.459633357417,,3848.7140735582166,3990.667771500099,,4397.12497558225,4314.633262412042,,9.635329507476058,9.692919256136328,,12.867683484975538,11.898743112200755,,5.300896502282729,4.636066734480367,,5.243411335251012,5.245900727592945,,4.7826354153193655,4.154781299218501,,4.719523358706144,4.717280510233891,,14.924394323616772,15.05865169902534,,14.924394323616772,14.924394323616772
1320.0,,4560.0114859731575,4687.252478059794,,5292.957177575688,5303.008795533527,,3896.6372946600513,4032.107969785719,,4444.440810087164,4361.951085711168,,9.675714271992337,9.728222273665615,,12.907715795590537,11.938757528902498,,5.320235949549978,4.648584455014866,,5.2615970290486285,5.2640772245743275,,4.801974862586615,4.167338778268324,,4.737934634629997,4.735717574428514,,14.81133073025604,14.947950344165488,,14.81133073025604,14.81133073025604
1330.0,,4613.309697699546,4733.800614798613,,5345.660616454901,5355.738704533715,,3944.7528955168054,4073.673053421583,,4491.938574294634,4409.450911433902,,9.715939437545282,9.763353050583532,,12.94758259513024,11.978606909359685,,5.3393728084519845,4.661029702309432,,5.279583346562821,5.282054224754582,,4.821111721488622,4.179817296588844,,4.756140021099355,4.753948259350271,,14.699967341306747,14.83886628984903,,14.699967341306747,14.699967341306747
1340.0,,4666.798273931658,4780.472850297538,,5398.54292303898,5408.647376586599,,3993.058860879284,4115.362276445384,,4539.61625439765,4457.130722775898,,9.756005885583093,9.798313632219976,,12.98728485891444,12.018292214314512,,5.358309203769949,4.673404548656838,,5.297372379518974,5.299833829409334,,4.840048116806586,4.192219195010238,,4.7741418286600235,4.77197488845698,,14.590266092491024,14.731363673352623,,14.590266092491024,14.590266092491024
1350.0,,4720.475220604794,4827.268490669491,,5451.602136070124,5461.732848976565,,4041.5531966827875,4157.174914675427,,4587.471858575343,4504.988525037512,,9.795914493643936,9.833106033477325,,13.026823556933474,12.057814399716394,,5.377047247621028,4.6857110090425955,,5.314966230062261,5.317418149733347,,4.858786160657664,4.204546745914113,,4.791942369551011,4.789799786465759,,14.482190047361462,14.625407712478713,,14.482190047361462,14.482190047361462
1360.0,,4774.338564712107,4874.18686189629,,5504.836315311802,5514.993180132684,,4090.233929920466,4199.110265088805,,4635.503417047365,4553.022345672952,,9.835666135377947,9.867732239310683,,13.066199654037742,12.09717441688823,,5.39558903945833,4.6979510425455775,,5.332367008901714,5.334809305011315,,4.877327952494967,4.216802155125257,,4.809543956255955,4.80742527792214,,14.375703355836745,14.520964664092505,,14.375703355836745,14.375703355836745
1370.0,,4828.386354177953,4921.227309277843,,5558.243541626783,5568.426449699908,,4139.099108516679,4241.167645217655,,4683.708982112041,4601.2302343234405,,9.875261680568354,9.902194205201912,,13.105414110108907,12.136373212675466,,5.413936666070911,4.710126553956918,,5.349576833536667,5.352009420869516,,4.8956755791075475,4.228987564039848,,4.826948900115069,4.824853685828831,,14.270771214553266,14.41800178459594,,14.270771214553266,14.270771214553266
1380.0,,4882.616657731264,4968.389196896587,,5611.821917037825,5622.030758593289,,4188.146801200357,4283.346392563029,,4732.086628168985,4649.610262835112,,9.914701995151885,9.936493857627571,,13.144467880214002,12.175411729579245,,5.432092201583776,4.722239395244297,,5.366597826562993,5.369020627605776,,4.913831114620413,4.241105051526305,,4.8441595099963095,4.842087330332915,,14.167359828940562,14.316487292232518,,14.16735982894056,14.16735982894056
1390.0,,4937.027564778906,5015.671907096862,,5665.569564771788,5675.804229036014,,4237.375097378364,4325.6458640259225,,4780.634451726865,4698.160525262275,,9.95398794123842,9.97063309452069,,13.183361914743747,12.214290905874732,,5.45005770745789,4.734291367052613,,5.383432114056544,5.385845058595305,,4.931796620494527,4.253156635880703,,4.861178091024435,4.8591285274701965,,14.065436376933793,14.216390331122785,,14.065436376933793,14.065436376933793
1400.0,,4991.617185279024,5063.074839978849,,5719.484629287969,5729.745004581961,,4286.7821070088485,4368.065435355014,,4829.350571397,4746.879137856735,,9.993120377129932,10.004613785726466,,13.222097159536107,12.253011675715662,,5.467835232490155,4.746284220178742,,5.400081824031379,5.402484848770018,,4.9495741455267925,4.265144276720684,,4.878006943366696,4.875979587965441,,13.96496897424141,14.117680936937148,,13.96496897424141,13.96496897424141
1410.0,,5046.383649614419,5110.597412906756,,5773.565276291348,5783.851250123516,,4336.365960474609,4410.6045006106815,,4878.233127873414,4795.764239043792,,10.032100157338764,10.038437773451868,,13.26067455598622,12.29157496922624,,5.485426812813438,4.758219656848419,,5.4165490849703035,5.418942133168997,,4.967165725850075,4.277069876632097,,4.894648361073771,4.892642816087207,,13.865926641090763,14.020330004118136,,13.865926641090763,13.865926641090763
1420.0,,5101.325108465899,5158.239060030908,,5827.809692731477,5838.121151885311,,4386.124808456457,4453.2624716448345,,4927.280283900013,4844.8139893855305,,10.070928132605284,10.07210687270921,,13.299095041143719,12.329981712581244,,5.502834471896547,4.770099332288784,,5.432836024425405,5.4352190455578056,,4.984573384933183,4.2889352831555225,,4.9111046309746245,4.909120508555944,,13.768279270378853,13.924309254569721,,13.768279270378853,13.768279270378853
1430.0,,5156.43973268564,5205.999231823373,,5882.216086787689,5892.552917404568,,4436.056821806564,4496.038777596135,,4976.490224225458,4894.026571532014,,10.109605149914833,10.105622871753603,,13.337359547798266,12.368232828075193,,5.520060220544241,4.7819248558052365,,5.448944767686278,5.451317717114455,,5.001799133580877,4.300742290214692,,4.927378031623932,4.925414953504066,,13.671997597159422,13.829591207736431,,13.671997597159422,13.671997597159422
1440.0,,5211.725713170542,5253.877394626824,,5936.782687841308,5947.144775498726,,4486.160191421832,4538.932864400198,,5025.861155546358,4943.400190160979,,10.148132052514224,10.13898753251446,,13.375469004554363,12.406329234181564,,5.537106056897236,4.793697792410785,,5.464877436513715,5.467240275179853,,5.018844969933873,4.312492640037654,,4.943470832300732,4.941528429486668,,13.577053169401369,13.736149151999538,,13.577053169401369,13.577053169401369
1450.0,,5267.1812607356,5301.873030216271,,5991.507746435464,6001.894976220893,,4536.433128117256,4581.944194314315,,5075.391306439339,4992.933071906552,,10.186509679927529,10.172202591020898,,13.413424335896075,12.444271845602678,,5.553973966432194,4.805419663853776,,5.480636147936662,5.482988842070573,,5.03571287946883,4.324188024566498,,4.959385292056912,4.957463204541539,,13.483418319957222,13.643957117321975,,13.483418319957222,13.483418319957222
1460.0,,5322.804605987242,5349.985635373321,,6046.389534223185,6056.801790803832,,4586.873862499265,4625.072245456304,,5125.078927282573,5042.623465277599,,10.224738867971402,10.205269757821213,,13.451226462242627,12.482061573311112,,5.57066592196173,4.8170919498729905,,5.496223013110331,5.498565533951938,,5.0524048349983675,4.335830086967113,,4.975123658814229,4.973221535297181,,13.391066139683543,13.552989849077964,,13.391066139683543,13.391066139683543
1470.0,,5378.593999196717,5398.214721472673,,6101.426343904329,6111.863511593006,,4637.480644839106,4668.316511357095,,5174.922290167284,5092.469640566199,,10.262820448769876,10.23819071839631,,13.488876299995457,12.519699324583296,,5.587183883634409,4.828716089543709,,5.511640136233416,5.513972459769346,,5.068922796671045,4.347420423284465,,4.990688168508456,4.988805666127483,,13.299970451658485,13.463222783006577,,13.299970451658483,13.299970451658483
1480.0,,5434.5477101734305,5446.559814080459,,6156.616489151927,6167.078451969225,,4688.251744946186,4711.6765005266025,,5224.919688799745,5142.469889746748,,10.30075525076863,10.270967133567225,,13.526374761577493,12.557186003025897,,5.603529798934745,4.840293482278144,,5.5268896135223375,5.529211720235903,,5.085268711971381,4.358960583761369,,5.00608104427935,5.004217828351737,,13.210105786444577,13.374632021232676,,13.210105786444577,13.210105786444577
1490.0,,5490.664028138313,5495.020452564191,,6211.95830452857,6222.444946261568,,4739.185452041435,4755.151736032574,,5275.069438394354,5192.622526366276,,10.33854409874879,10.303600639896683,,13.563722755465294,12.594522508595695,,5.619705602683203,4.851825489098736,,5.541973532240622,5.544285406874433,,5.101444515719839,4.370452074311868,,5.021304495705101,5.019460239478693,,13.121447358347634,13.287194309301434,,13.121447358347634,13.121447358347634
1500.0,,5546.941261597184,5543.5961897139105,,6267.450145393257,6277.9613496509155,,4790.280074630672,4798.74175509195,,5325.369875558141,5242.925885426324,,10.376187813840275,10.336092850084736,,13.6009211862146,12.631709737613418,,5.635713217036204,4.863313433694892,,5.556893969781435,5.5591956011119725,,5.117452130072841,4.381896357878831,,5.036360718079918,5.034535102493351,,13.033971042625316,13.200887014176057,,13.033971042625316,13.033971042625316
1510.0,,5603.3777382141,5592.286591374285,,6323.090387799358,6333.626038064802,,4841.533940377955,4842.4461086744195,,5375.819358167326,5293.378323256993,,10.41368721353468,10.368445353358574,,13.637970954479936,12.66874858277218,,5.651554551486112,4.874758603443854,,5.571652992801445,5.573944373424963,,5.133293464522748,4.3932948556338,,5.051251891733463,5.049444605185179,,12.947653353601307,13.115688103150966,,12.947653353601307,12.947653353601307
1520.0,,5659.971804684729,5641.091236087325,,6378.877428384103,6389.437408063936,,4892.945395978951,4886.264361117778,,5426.41626523629,5343.978217383511,,10.451043111697771,10.400659715856381,,13.674872957028732,12.705639933140905,,5.6672315028612505,4.8861622506669455,,5.586252656404193,5.5885337825333234,,5.148970415897886,4.40464894851958,,5.065980181390832,5.064190919516507,,12.862471423643402,13.031576123635778,,12.862471423643402,12.862471423643402
1530.0,,5716.721826609698,5690.009714745433,,6434.8096842501245,6445.3938767209465,,4944.512807034285,4930.19608975476,,5477.158996779449,5394.723966385833,,10.48825631858152,10.432737481005503,,13.711628086750514,12.742384674163338,,5.682745955325886,4.897525593286715,,5.600695003371166,5.602965874641682,,5.164484868362522,4.41595997814999,,5.080547735571789,5.0787762010298305,,12.778402982965995,12.948530183767474,,12.778402982965995,12.778402982965995
1540.0,,5773.626188367953,5739.041630254463,,6490.885592839515,6501.493881491791,,4996.234557922907,4974.240884550965,,5528.045973666435,5445.613989751628,,10.52532764083578,10.464680169894741,,13.748237232661536,12.778983687652955,,5.698099780380236,4.908849816174668,,5.614982063438887,5.617242682726068,,5.1798386934168725,4.4272292482765945,,5.094956686027991,5.093202588292735,,12.695426340219464,12.866529933810888,,12.695426340219464,12.695426340219464
1550.0,,5830.683292990129,5788.186597206543,,6547.103611800845,6557.735880080255,,5048.109051675449,5018.398347753573,,5579.075637471029,5496.64672772313,,10.562257881519589,10.496489281640898,,13.784701279905429,12.815437851784278,,5.713294836860476,4.920136071942536,,5.629115852620327,5.631366225864446,,5.195033749897113,4.4384580257891315,,5.109209147216979,5.107472202379283,,12.61352036383095,12.785555548309745,,12.61352036383095,12.61352036383095
1560.0,,5887.891562031897,5837.444241562345,,6603.4622188495805,6614.118350295993,,5100.1347098475835,5062.668093550502,,5630.246450314208,5547.82064113819,,10.599047840112094,10.528166293749699,,13.821021109750117,12.851748041080901,,5.728332970938727,4.9313854817881015,,5.643098372569017,5.645338508609445,,5.210071883975364,4.4496475418341985,,5.123307215811672,5.1215871463865925,,12.532664464062803,12.705587708952482,,12.532664464062803,12.532664464062803
1570.0,,5945.249435447331,5886.814200342548,,6659.959911622335,6670.639789906507,,5152.309972393385,5107.049747739703,,5681.556894701727,5599.134211265951,,10.6356983125231,10.559712662470982,,13.857197599581502,12.887915126400697,,5.743216016123061,4.942599136668451,,5.656931609984234,5.659161520401731,,5.224954929159698,4.460798993143117,,5.137252970244186,5.135549504985421,,12.452838575756672,12.626607588119198,,12.452838575756672,12.452838575756672
1580.0,,6002.7553714622645,5936.296121328215,,6716.595207525328,6727.298716483485,,5204.633297538684,5151.542947408263,,5733.005473356589,5650.585939637504,,10.672210091103368,10.591129823148293,,13.893231622894225,12.923939974918394,,5.757945793257501,4.953778097872951,,5.670617536055797,5.672837235022565,,5.2396847062941365,4.471913542641284,,5.151048470282783,5.149361344003642,,12.374023141732895,12.548596833077735,,12.374023141732895,12.374023141732895
1590.0,,6060.407846447655,5985.88966276983,,6773.366643577455,6784.093667243838,,5257.103161654441,5196.147340621034,,5784.590709046747,5702.174347871838,,10.708583964654478,10.622419190562933,,13.929124049279755,12.959823450105942,,5.7725241105220215,4.9649233981348315,,5.684158105946856,5.68636761008394,,5.254263023558658,4.482992320915153,,5.164695756640759,5.16302471004135,,12.296199096816336,12.471537550798768,,12.296199096816336,12.296199096816336
1600.0,,6118.205354792933,6035.594493104736,,6830.272776248359,6841.023198885844,,5309.718059130085,5240.862586118486,,5836.311144408419,5753.897977497499,,10.744820718438483,10.65358215927246,,13.964875744412296,12.995566411710923,,5.786952763432547,4.976036042232591,,5.697555258313325,5.699754586555005,,5.268691676469183,4.494036426883642,,5.17819685061619,5.176541630116594,,12.219347852461233,12.395412293361323,,12.219347852461233,12.219347852461233
1610.0,,6176.146408779372,6085.4102906827275,,6887.312181291837,6898.08588742073,,5362.476502246891,5285.688353023497,,5888.165341765325,5805.755389770231,,10.780921134187198,10.684620103943754,,14.000487570032627,13.031169715733279,,5.8012335348409545,4.987117007984141,,5.71081091485846,5.713000088323256,,5.282972447877591,4.505046928914643,,5.191553753761328,5.189914111340513,,12.143451281949051,12.320204043921587,,12.143451281949051,12.143451281949051
1620.0,,6234.229538453445,6135.33674349955,,6944.483453574936,6955.280328000047,,5415.377021051329,5330.624320556806,,5940.151882944172,5857.745165486932,,10.816885990111196,10.71553437968063,,14.035960383930204,13.066634214400608,,5.8153681949350675,4.998167246902839,,5.723926979921254,5.726106021789231,,5.297107107971705,4.516024865696583,,5.204768447580649,5.203144140620889,,12.068491706134552,12.245896203219482,,12.068491706134552,12.068491706134552
1630.0,,6292.453291500178,6185.373548938086,,7001.785206903081,7012.6051347391585,,5468.41816322843,5375.670177760875,,5992.269369086673,5909.865904796218,,10.852716060908616,10.74632632234616,,14.071295039923795,13.101960756142235,,5.829358501238664,5.009187684999807,,5.736905340097278,5.739074275493298,,5.3110974142753005,4.526971247095996,,5.217842893256389,5.216233684392967,,11.994451879716548,12.172472576598684,,11.994451879716548,11.994451879716548
1640.0,,6350.816233116523,6235.520413516988,,7059.2160738415305,7070.05894053713,,5521.598493975141,5420.8256232318745,,6044.51642045844,5962.116227005926,,10.888412117773582,10.776997248879617,,14.106492387840865,13.137150185562339,,5.843206198611476,5.020179223593394,,5.749747863890669,5.751906719773339,,5.3249451116481135,4.5378870551306925,,5.230779031400578,5.229184688376561,,11.92131497801096,12.099917361516992,,11.92131497801096,11.92131497801096
1650.0,,6409.316945884699,6285.777052646522,,7116.774705533483,7127.64039689338,,5574.916595873682,5466.090364859557,,6096.891676254983,6014.494770387757,,10.92397492840443,10.80754845760822,,14.14155327349587,13.172203343412267,,5.856913019249178,5.0311427397821,,5.7624564013960295,5.764605206451999,,5.338651932285814,4.548773244606402,,5.243578781832508,5.241999077358405,,11.849064584204832,12.028215135525278,,11.849064584204832,11.849064584204832
1660.0,,6467.954029645568,6336.143190391431,,7174.45977151514,7185.348173721327,,5628.371068764918,5511.464119574756,,6149.393794405142,6067.000191979444,,10.959405257011714,10.83798122855372,,14.176478538667759,13.207121066562264,,5.870480682683399,5.042079087481402,,5.775032784008996,5.7771715685523874,,5.352219595720036,4.55963074421726,,5.256244043380673,5.254678754998766,,11.777684677071068,11.957350844694318,,11.777684677071068,11.777684677071068
1670.0,,6526.726101371987,6386.618559240618,,7232.2699595279755,7243.180959159342,,5681.960529621704,5556.946613104333,,6202.021451372155,6119.631167384587,,10.994703864325892,10.868296823733786,,14.211269021076783,13.241904187972773,,5.883910895781725,5.052989097714803,,5.787478824164269,5.7896076200409725,,5.365649808818363,4.570460456991457,,5.2687766937081735,5.267225603661347,,11.707159619124536,11.887309792469752,,11.707159619124536,11.707159619124536
1680.0,,6585.631795042169,6437.202899883364,,7290.203975328487,7301.137459379238,,5735.683612422252,5602.537579733218,,6254.773341952656,6172.386390570468,,11.029871507604854,10.89849648745841,,14.245925554360815,13.276553536665476,,5.897205352747682,5.063873579605167,,5.799796315099986,5.801915155596545,,5.378944265784319,4.5812632613371695,,5.281178589160614,5.279641484265512,,11.637474145201175,11.81807762893658,,11.637474145201175,11.637474145201175
1690.0,,6644.669761513038,6487.895960992022,,7348.260542495724,7359.2163983926075,,5789.538968023487,5648.236762073488,,6307.648179073819,6225.264573664087,,11.064908940641198,10.92858144662127,,14.280448968051324,13.3110699376942,,5.910365735120751,5.07473332078627,,5.811987030647303,5.8140959504042105,,5.392104648157388,4.592040011645731,,5.29345156463562,5.291928236159957,,11.568613351442588,11.749640340475429,,11.568613351442588,11.568613351442588
1700.0,,6703.8386683936005,6538.697499010842,,7406.438402236796,7417.41651785519,,5843.525264034416,5694.043910840106,,6360.644693588917,6278.264446746612,,11.099816913769285,10.958552910986167,,14.314840087549179,13.345454212115838,,5.923393711776372,5.085731055949152,,5.824052725044111,5.826151759973266,,5.4051326248130085,4.602929091559266,,5.305597433473029,5.304087677016892,,11.500562684669397,11.681984239793707,,11.500562684669397,11.500562684669397
1710.0,,6763.137199918286,,,7464.736313190611,7475.736576869548,,5897.641184689468,,,6413.761634071433,6331.38475764648,,11.134596173872064,,,14.349099734100374,13.379707176961423,,5.936290938925918,,,5.835995132771797,5.838084319977941,,5.4180298519625545,,,5.317617987364858,5.316121602745864,,11.43330793212747,,,11.43330793212747,11.43330793212747
1720.0,,6822.564056820328,,,7523.153051230084,7534.175351786245,,5951.885430721876,,,6466.997766608039,6384.624271731369,,11.169247464387814,,,14.383228724771824,13.413829645207436,,5.9490590601167295,,,5.847815968414117,5.849895346120028,,5.430797973153367,,,5.329514996284254,5.328031787426388,,11.366835211591845,,,11.366835211591845,11.366835211591845
1730.0,,6882.117956205109,,,7581.6874092630205,7592.731636003765,,6006.256719237024,,,6520.351874590557,6437.98177169921,,11.203771525316514,,,14.417227872427317,13.447822425747464,,5.961699706232092,,,5.859516926537106,5.8615865340123925,,5.443438619268729,,,5.341290208432519,5.3398199832585425,,11.301130961813858,,,11.301130961813858,11.301130961813858
1740.0,,6941.797631423524,,,7640.338197031884,7651.404239767361,,6060.753783585805,,,6573.822758507162,6491.456057368473,,11.238169093226174,,,14.451097985703775,13.481686323364324,,5.974214495491237,,,5.871099681589145,5.873159559082452,,5.455953408527875,,,5.352945350203449,5.351487920530726,,11.236181933297686,,,11.236181933297686,11.236181933297686
1750.0,,7001.601831945338,,,7699.104240912627,7710.191989967022,,6115.375373237986,,,6627.409235732931,6545.045945467841,,11.272440901258923,,,14.484839868987855,13.515422138702684,,5.986605033449357,,,5.882565887820196,5.884616076494661,,5.468343946485993,,,5.364482126164185,5.363037307603807,,11.171975179393128,,,11.171975179393128,11.171975179393128
1760.0,,7061.529323232553,,,7757.984383712819,7769.093729934762,,6170.1202536555675,,,6681.110140320023,6598.750269425542,,11.306587679136902,,,14.518454322393021,13.549030668242354,,5.998872912997585,,,5.893917179219375,5.895957721091175,,5.480611826034221,,,5.375902219051793,5.374469830910875,,11.108498047692029,,,11.108498047692029,11.108498047692029
1770.0,,7121.578886612753,,,7816.977484469199,7828.108319241404,,6224.9872061661345,,,6734.9243227875295,6652.567879158404,,11.340610153168074,,,14.551942141737129,13.582512704272176,,6.011019714363009,,,5.905155169469966,5.90718610734982,,5.492758627399645,,,5.387207289784869,5.385787154971897,,11.04573817171637,,,11.04573817171637,11.04573817171637
1780.0,,7181.749319152486,,,7876.0824182448505,7887.234633492989,,6279.9750278362335,,,6788.850649911263,6706.497640860846,,11.374509046251758,,,14.585304118520622,13.615869034864724,,6.023047005108671,,,5.916281451921043,5.918302829358494,,5.5047859181453065,,,5.3983989774894106,5.396990922422546,,10.983683462886502,,,10.983683462886502,10.983683462886502
1790.0,,7242.0394335306,,,7935.298075926181,7946.471564127067,,6335.082531344713,,,6842.8880045135875,6760.53843679399,,11.408285077884122,,,14.618541039905429,13.649100443851815,,6.034956340133555,,,5.9272975995749215,5.9293094608053165,,5.516695253170192,,,5.409478899538295,5.408082754056498,,10.922322102758644,,,10.922322102758644,10.922322102758644
1800.0,,7302.448057911612,,,7994.62336401978,8005.818018208899,,6390.3085448560905,,,6897.035285253411,6814.689165074909,,11.441938964163414,,,14.651653688694495,13.68220771080075,,6.0467492616726055,,,5.938205165089613,5.940207554983606,,5.528488174709242,,,5.420448651603645,5.41906424888055,,10.861642535521096,,,10.861642535521096,10.861642535521096
1810.0,,7362.974035819074,,,8054.057204449441,8065.2729182277935,,6445.65191189392,,,6951.291406416533,6868.948739466306,,11.475471417795147,,,14.684642843312162,13.715191610991631,,6.058427299296716,,,5.949005680795574,5.950998644811056,,5.540166212333353,,,5.4313098077214645,5.42993698418187,,10.801633460739211,,,10.801633460739211,10.801633460739211
1820.0,,7423.616226008926,,,8113.598534353343,8124.835201893742,,6501.111491214138,,,7005.655297706448,6923.316089166649,,11.50888314809705,,,14.717509277785345,13.74805291539546,,6.069991969912722,,,5.959700658726011,5.961684242862352,,5.551730882949358,,,5.4420639203678975,5.440702515606812,,10.742283826339545,,,10.742283826339545,10.742283826339545
1830.0,,7484.373502342853,,,8173.246305881585,8184.50382193435,,6556.686156678431,,,7060.125904035692,6977.79015860088,,11.542174861003994,,,14.750253761725519,13.780792390653279,,6.081444777763423,,,5.970291590660022,5.972265841414501,,5.56318369080006,,,5.452712520546485,5.451362377250616,,10.683582821824029,,,10.683582821824029,10.683582821824029
1840.0,,7545.244753661646,,,8232.999485994264,8244.277745892368,,6612.374797127592,,,7114.702185317933,7032.3699072119,,11.575347259072656,,,14.782877060311657,13.813410799056284,,6.09278721442756,,,5.980779948177929,5.982744912504269,,5.574526127464197,,,5.4632571178858615,5.461918081757464,,10.62551987170542,,,10.62551987170542,10.62551987170542
1850.0,,7606.228883658571,,,8292.857056260082,8304.155955923823,,6668.176316254883,,,7169.383116260845,7087.054309252851,,11.608401041486134,,,14.815379934274054,13.845908898527007,,6.104020758819825,,,5.991167182728135,5.993122907997024,,5.585759671856461,,,5.473699200747269,5.472371120430274,,10.568084629155662,,,10.568084629155662,10.568084629155662
1860.0,,7667.3248107527115,,,8352.818012655698,8364.137448596832,,6724.0896324793885,,,7224.167686159889,7141.842353580332,,11.641336904058443,,,14.847763139879087,13.878287442601446,,6.115146877190862,,,6.00145472570485,6.0034012596663775,,5.5968857902275,,,5.484040236341374,5.482722963349719,,10.511266969859125,,,10.511266969859125,10.511266969859125
1870.0,,7728.531467962346,,,8412.881365365909,8424.22123469135,,6780.113678819391,,,7279.054898693112,7196.733043448658,,11.674155539238873,,,14.880027428914966,13.910547180412363,,6.126167023127273,,,6.011643988536153,6.013581379284055,,5.6079059361639105,,,5.494281670853855,5.492975059501934,,10.455056986063088,,,10.455056986063088,10.455056986063088
1880.0,,7789.847802778291,,,8473.046138584714,8484.406338999801,,6836.247402765702,,,7334.043771717042,7251.725396305231,,11.706857636116188,,,14.912173548678437,13.942688856673588,,6.137082637551599,,,6.02173636278171,6.023664658719334,,5.618821550588237,,,5.504424929579192,5.503128836914348,,10.399444980818071,,,10.399444980818071,10.399444980818071
1890.0,,7851.272777037275,,,8533.311370317426,8544.691800128752,,6892.489766155051,,,7389.1333370637785,7306.818443587122,,11.739443880422792,,,14.944202241962506,13.97471321166541,,6.147895148722342,,,6.031733220239668,6.033652470047601,,5.6296340617589795,,,5.514471417062233,5.51318570279924,,10.344421462401044,,,10.344421462401044,10.344421462401044
1900.0,,7912.805366795284,,,8593.676112183859,8605.076670301727,,6948.839745043427,,,7444.322640339353,7362.011230518959,,11.771914954538742,,,14.976114247045167,14.006620981221124,,6.158605972233949,,,6.041635913062136,6.043546165667403,,5.6403448852705855,,,5.524422517247014,5.523147043704452,,10.289977138914722,,,10.289977138914722,10.289977138914722
1910.0,,7974.44456220093,,,8654.139429222743,8665.560015163233,,7005.296329579439,,,7499.610740723442,7417.30281591216,,11.804271537495646,,,15.007910297679128,14.038412896714577,,6.169216511016812,,,6.051445773878765,6.0533470784255154,,5.650955424053448,,,5.534279593632369,5.533014225670857,,10.23610291305653,,,10.236102913056529,10.236102913056529
1920.0,,8036.189367368819,,,8714.700399697327,8726.140913584031,,7061.858523877694,,,7554.996710770486,7472.692271965619,,11.836514304980481,,,15.03959112308259,14.070089685048904,,6.1797281553372905,,,6.061164115927867,6.0630565217495125,,5.661467068373928,,,5.544043989433893,5.542788594396091,,10.182789877051027,,,10.182789877051027,10.182789877051027
1930.0,,8098.038800252883,,,8775.358114902425,8786.818457467814,,7118.525345892125,,,7610.479636212328,7528.178684067897,,11.868643929339305,,,15.071157447931007,14.10165206864629,,6.190142282797678,,,6.070792233194691,6.072675789787392,,5.671881195834315,,,5.553717027751856,5.5524714754041975,,10.130029307739882,,,10.130029307739882,10.130029307739882
1940.0,,8159.991892519771,,,8836.111678972768,8847.591751559281,,7175.295827289379,,,7666.058615762369,7583.76115060098,,11.900661079580884,,,15.102609992349915,14.133100765438874,,6.2004602583362285,,,6.080331400556283,6.082206157553741,,5.682199171372866,,,5.563300011744585,5.5620641742206685,,10.077812661823698,,,10.077812661823698,10.077812661823698
1950.0,,8222.04768942219,,,8896.960208692886,8908.45991325369,,7232.169013322164,,,7721.732760921369,7639.438782745655,,11.932566421380182,,,15.133949471908746,14.16443648886073,,6.210683434227147,,,6.089782873932552,6.09164888108205,,5.692422347263784,,,5.572794224806998,5.571567976552578,,10.026131571250243,,,10.026131571250243,10.026131571250243
1960.0,,8284.205249672264,,,8957.902833308537,8969.422072408006,,7289.143962702605,,,7777.501195784891,7695.210704288595,,11.964360617081825,,,15.165176597615694,14.195659947840927,,6.220813150080582,,,6.099147890443121,6.1010051975827455,,5.702552063117219,,,5.582200930753864,5.580984148473409,,9.974977838743865,,,9.974977838743865,9.974977838743865
1970.0,,8346.463645314905,,,9018.93869433964,9030.477371153595,,7346.219747475612,,,7833.363056852468,7751.076051431134,,11.996044325703453,,,15.19629207591354,14.226771846797652,,6.2308507328426375,,,6.108427668569481,6.110276325606471,,5.712589645879275,,,5.591521374007398,5.59031393661214,,9.924343433471051,,,9.924343433471051,9.924343433471051
1980.0,,8408.82196160116,,,9080.066945394952,9091.624963710608,,7403.395452892233,,,7889.317492838534,7807.033972599857,,12.027618202938937,,,15.227296608676557,14.257772885633432,,6.240797496795369,,,6.11762340832215,6.119463465212338,,5.7225364098320055,,,5.600756779788912,5.599558568346345,,9.87422048683736,,,9.87422048683736,9.87422048683736
1990.0,,8471.27929686158,,,9141.286751988364,9152.864016204048,,7460.67017728302,,,7945.363664485178,7863.083628258989,,12.059082901161597,,,15.258190893208333,14.288663759731378,,6.250654743556783,,,6.126736291412378,6.128567798140647,,5.73239365659342,,,5.609908354314107,5.608719251998905,,9.824601288411042,,,9.824601288411042,9.824601288411042
2000.0,,8533.834762379576,,,9202.597291356957,9214.193706481623,,7518.043031931383,,,8001.500744376725,7919.224190724663,,12.090439069427296,,,15.288975622240654,14.319445159952494,,6.260423762080831,,,6.135767481428098,6.137590487989838,,5.742162675117467,,,5.618977284991742,5.617797177038021,,9.775478281968986,,,9.775478281968986,9.775478281968986
